"Property Address","Mailing City","Mailing State","Geocodio Latitude","Geocodio Longitude","Geocodio Accuracy Score","Geocodio Accuracy Type","Geocodio Address Line 1","Geocodio Address Line 2","Geocodio Address Line 3","Geocodio House Number","Geocodio Street","Geocodio Unit Type","Geocodio Unit Number","Geocodio City","Geocodio State","Geocodio County","Geocodio Postal Code","Geocodio Country","Geocodio Source","Geocodio Stable Address Key","Geocodio Match Type"
"60 STRAWBERRY HILL AVENUE",STAMFORD,CT,41.062374,-73.533541,1,rooftop,"60 Strawberry Hill Ave",,"Stamford, CT 06902",60,"Strawberry Hill Ave",,,Stamford,CT,"Western Connecticut Planning Region",06902,US,"City of Stamford",gcod_usnte84mnkbs247ek43kzayzug2a9,building_centroid
"60 STRAWBERRY HILL AVENUE",STAMFORD,CT,41.062374,-73.533541,1,rooftop,"60 Strawberry Hill Ave",,"Stamford, CT 06902",60,"Strawberry Hill Ave",,,Stamford,CT,"Western Connecticut Planning Region",06902,US,"City of Stamford",gcod_usnte84mnkbs247ek43kzayzug2a9,building_centroid
"60 STRAWBERRY HILL AVENUE",STAMFORD,CT,41.062374,-73.533541,1,rooftop,"60 Strawberry Hill Ave",,"Stamford, CT 06902",60,"Strawberry Hill Ave",,,Stamford,CT,"Western Connecticut Planning Region",06902,US,"City of Stamford",gcod_usnte84mnkbs247ek43kzayzug2a9,building_centroid
"107 LOCKWOOD AVENUE",STAMFORD,CT,41.052442,-73.521904,1,rooftop,"107 Lockwood Ave",,"Stamford, CT 06902",107,"Lockwood Ave",,,Stamford,CT,"Western Connecticut Planning Region",06902,US,"City of Stamford",gcod_usnjnsvcabu288cghmstrawx7pv8e,building_centroid
"1400 BEDFORD STREET",STAMFORD,CT,41.063589,-73.540793,1,rooftop,"1400 Bedford St",,"Stamford, CT 06905",1400,"Bedford St",,,Stamford,CT,"Western Connecticut Planning Region",06905,US,"City of Stamford",gcod_usnxgapvae5gwy5dc6tzw8b72lcze,building_centroid
"30 MAPLE TREE AVENUE",STAMFORD,CT,41.071582,-73.515066,1,rooftop,"30 Maple Tree Ave",,"Stamford, CT 06906",30,"Maple Tree Ave",,,Stamford,CT,"Western Connecticut Planning Region",06906,US,"City of Stamford",gcod_usnlpm6xtnxdrsmear9lz6ghel7a9,building_centroid
"37 GREENWICH AVENUE",STAMFORD,CT,41.049426,-73.546699,1,rooftop,"37 Greenwich Ave",,"Stamford, CT 06902",37,"Greenwich Ave",,,Stamford,CT,"Western Connecticut Planning Region",06902,US,"City of Stamford",gcod_usnyd6a59b34xks3a867gmjlhuybf,building_centroid
"39 WOODWAY ROAD ",STAMFORD,CT,41.101844,-73.514605,1,rooftop,"39 Woodway Rd",,"Stamford, CT 06907",39,"Woodway Rd",,,Stamford,CT,"Western Connecticut Planning Region",06907,US,"City of Stamford",gcod_usnqrbt6htjknrmar2vmt8gpa5d5c,building_centroid
"30 GLENBROOK ROAD",STAMFORD,CT,41.056483,-73.530063,1,rooftop,"30 Glenbrook Rd",,"Stamford, CT 06902",30,"Glenbrook Rd",,,Stamford,CT,"Western Connecticut Planning Region",06902,US,"City of Stamford",gcod_usnqrk9rbqbd8lve647y98gmk8fx6,building_centroid
"30 GLENBROOK ROAD",STAMFORD,CT,41.056483,-73.530063,1,rooftop,"30 Glenbrook Rd",,"Stamford, CT 06902",30,"Glenbrook Rd",,,Stamford,CT,"Western Connecticut Planning Region",06902,US,"City of Stamford",gcod_usnqrk9rbqbd8lve647y98gmk8fx6,building_centroid
"180 GLENBROOK ROAD ",STAMFORD,CT,41.06069,-73.527456,1,rooftop,"180 Glenbrook Rd",,"Stamford, CT 06902",180,"Glenbrook Rd",,,Stamford,CT,"Western Connecticut Planning Region",06902,US,"City of Stamford",gcod_usnqrk9rbqbd8lve2u8jde7mx7fq4,building_centroid
"180 GLENBROOK ROAD #GAR70",STAMFORD,CT,41.06069,-73.527456,1,rooftop,"180 Glenbrook Rd","# GAR70","Stamford, CT 06902",180,"Glenbrook Rd",#,GAR70,Stamford,CT,"Western Connecticut Planning Region",06902,US,"City of Stamford",gcod_usnqrk9rbqbd8lve2u8jde7mx7fq4-ew4aqcse4fn7f,building_centroid
"237 STRAWBERRY HILL AVENUE",STAMFORD,CT,41.068352,-73.532988,1,rooftop,"237 Strawberry Hill Ave",,"Stamford, CT 06902",237,"Strawberry Hill Ave",,,Stamford,CT,"Western Connecticut Planning Region",06902,US,"City of Stamford",gcod_usnte84mnkbs247ear6vymy9l2npe,building_centroid
"264 GLENBROOK ROAD",STAMFORD,CT,41.063277,-73.523748,1,rooftop,"264 Glenbrook Rd",,"Stamford, CT 06906",264,"Glenbrook Rd",,,Stamford,CT,"Western Connecticut Planning Region",06906,US,"City of Stamford",gcod_usnta7zqter5yv9fczweaxwwctzfc,building_centroid
"149 MYRTLE AVENUE",STAMFORD,CT,41.051436,-73.527468,1,rooftop,"149 Myrtle Ave",,"Stamford, CT 06902",149,"Myrtle Ave",,,Stamford,CT,"Western Connecticut Planning Region",06902,US,"City of Stamford",gcod_usn7ykrfcpkdx45e9nfk5drcluxh5,building_centroid
"1051 EAST MAIN STREET ",STAMFORD,CT,41.056577,-73.517551,1,rooftop,"1051 E Main St",,"Stamford, CT 06902",1051,"E Main St",,,Stamford,CT,"Western Connecticut Planning Region",06902,US,"City of Stamford",gcod_usntvhz3k7qw38eh9azcrnap7mrme,building_centroid
"0 LARKIN STREET ",STAMFORD,CT,41.078143,-73.520444,1,street_center,"Larkin St",,"Stamford, CT 06907",,"Larkin St",,,Stamford,CT,"Western Connecticut Planning Region",06907,US,"TIGER/Line® dataset from the US Census Bureau",gcod_usslsbpvdgesz4t2,
"984 HIGH RIDGE ROAD ",STAMFORD,CT,41.105039,-73.548846,1,rooftop,"984 High Ridge Rd",,"Stamford, CT 06905",984,"High Ridge Rd",,,Stamford,CT,"Western Connecticut Planning Region",06905,US,"City of Stamford",gcod_usnyvscp4ey3fbqahqwn3jvq3syz6,building_centroid
"61 SEAVIEW AVENUE",STAMFORD,CT,41.040809,-73.523368,1,rooftop,"61 Seaview Ave",,"Stamford, CT 06902",61,"Seaview Ave",,,Stamford,CT,"Western Connecticut Planning Region",06902,US,"City of Stamford",gcod_usn6sb6uxruwbpp5k82drhq8n7et5,building_centroid
"76 KNICKERBOCKER AVENUE ",STAMFORD,CT,41.0869,-73.520683,1,rooftop,"76 Knickerbocker Ave",,"Stamford, CT 06907",76,"Knickerbocker Ave",,,Stamford,CT,"Western Connecticut Planning Region",06907,US,"City of Stamford",gcod_usn6expwtzjp7um2dx3jwfskq49c7,building_centroid
"105 COLUMBUS PLACE",STAMFORD,CT,41.099671,-73.512692,1,rooftop,"105 Columbus Pl",,"Stamford, CT 06907",105,"Columbus Pl",,,Stamford,CT,"Western Connecticut Planning Region",06907,US,"City of Stamford",gcod_usn2g5ngj4eyywghafxhbj9rvez74,building_centroid
"900 HOPE STREET",STAMFORD,CT,41.089664,-73.518214,1,rooftop,"900 Hope St",,"Stamford, CT 06907",900,"Hope St",,,Stamford,CT,"Western Connecticut Planning Region",06907,US,"City of Stamford",gcod_usnfkq23mubsxdk38yrj9gp9vemb3,building_centroid
"69 WILSON STREET",STAMFORD,CT,41.04562,-73.553592,1,rooftop,"69 Wilson St",,"Stamford, CT 06902",69,"Wilson St",,,Stamford,CT,"Western Connecticut Planning Region",06902,US,"City of Stamford",gcod_usnquvnxtg2c73a5pcdkq8aucgwbb,building_centroid
"96 COLD SPRING ROAD",STAMFORD,CT,41.070044,-73.552694,1,rooftop,"96 Cold Spring Rd",,"Stamford, CT 06905",96,"Cold Spring Rd",,,Stamford,CT,"Western Connecticut Planning Region",06905,US,"City of Stamford",gcod_usnm2ddqvxs2a3ycxptkqd89cbwpe,building_centroid
"2215 SUMMER STREET ",STAMFORD,CT,41.067551,-73.545298,1,rooftop,"2215 Summer St",,"Stamford, CT 06905",2215,"Summer St",,,Stamford,CT,"Western Connecticut Planning Region",06905,US,"City of Stamford",gcod_usnfhzebygqbquk76xnjcuuhaw2a5,building_centroid
"50 MYANO LANE ",STAMFORD,CT,41.050596,-73.564726,1,rooftop,"50 Myano Ln",,"Stamford, CT 06902",50,"Myano Ln",,,Stamford,CT,"Western Connecticut Planning Region",06902,US,"City of Stamford",gcod_usndh4x6hws7ne67ye7m6677n4j6d,building_centroid
"28 THIRD STREET",STAMFORD,CT,41.064735,-73.542085,1,rooftop,"28 3rd St",,"Stamford, CT 06905",28,"3rd St",,,Stamford,CT,"Western Connecticut Planning Region",06905,US,"City of Stamford",gcod_usny5hmtnv5mjbqdgl4z25xqecp6f,building_centroid
"28 THIRD STREET",STAMFORD,CT,41.064735,-73.542085,1,rooftop,"28 3rd St",,"Stamford, CT 06905",28,"3rd St",,,Stamford,CT,"Western Connecticut Planning Region",06905,US,"City of Stamford",gcod_usny5hmtnv5mjbqdgl4z25xqecp6f,building_centroid
"36 HIGHVIEW AVENUE",STAMFORD,CT,41.096826,-73.516619,1,rooftop,"36 Highview Ave",,"Stamford, CT 06907",36,"Highview Ave",,,Stamford,CT,"Western Connecticut Planning Region",06907,US,"City of Stamford",gcod_usnftw54ttqqabzdymld6cmpe9wv7,building_centroid
"39 FERRIS AVENUE ",STAMFORD,CT,41.046281,-73.560062,1,rooftop,"39 Ferris Ave",,"Stamford, CT 06902",39,"Ferris Ave",,,Stamford,CT,"Western Connecticut Planning Region",06902,US,"City of Stamford",gcod_usn8dzckgvlyfxhdavan2c8javqmg,building_centroid
"82 HIGHVIEW AVENUE",STAMFORD,CT,41.09819,-73.515783,1,rooftop,"82 Highview Ave",,"Stamford, CT 06907",82,"Highview Ave",,,Stamford,CT,"Western Connecticut Planning Region",06907,US,"City of Stamford",gcod_usnftw54ttqqabzdxyx4jvtwh2zl3,building_centroid
"50 HIGH STREET",STAMFORD,CT,41.049998,-73.552724,1,rooftop,"50 High St",,"Stamford, CT 06902",50,"High St",,,Stamford,CT,"Western Connecticut Planning Region",06902,US,"City of Stamford",gcod_usnh95gsknescu6fvuhn2yzu77q27,building_centroid
"260 CEDAR WOOD ROAD ",STAMFORD,CT,41.152142,-73.546174,1,rooftop,"260 Cedarwood Rd",,"Stamford, CT 06903",260,"Cedarwood Rd",,,Stamford,CT,"Western Connecticut Planning Region",06903,US,"Connecticut Geospatial Information Systems Council",gcod_usnknkpzjlcz5h95k22fus8bzm54a,parcel_centroid
"9 WILLIAM STREET ",STAMFORD,CT,41.053185,-73.524689,1,rooftop,"9 William St",,"Stamford, CT 06902",9,"William St",,,Stamford,CT,"Western Connecticut Planning Region",06902,US,"City of Stamford",gcod_usnq7nyvd2frdqehe4axmnyk6cm8g,building_centroid
"26 PERRY STREET",STAMFORD,CT,41.046621,-73.549853,1,rooftop,"26 Perry St",,"Stamford, CT 06902",26,"Perry St",,,Stamford,CT,"Western Connecticut Planning Region",06902,US,"City of Stamford",gcod_usn23kblxdkepxydqg48wc63tluna,building_centroid
"104 NORTH STREET #303",STAMFORD,CT,41.059103,-73.542324,1,rooftop,"104 North St","Apt 303","Stamford, CT 06902",104,"North St",Apt,303,Stamford,CT,"Western Connecticut Planning Region",06902,US,"City of Stamford",gcod_usnbsvcnnmtgsabg7tmjp4hf7h7p9-7av2tram7cxn3,building_centroid
"46 TAYLOR STREET",STAMFORD,CT,41.046223,-73.548541,1,rooftop,"46 Taylor St",,"Stamford, CT 06902",46,"Taylor St",,,Stamford,CT,"Western Connecticut Planning Region",06902,US,"City of Stamford",gcod_usndxth7zswun6qf3l9jkwqph24f9,building_centroid
"46 TAYLOR STREET",STAMFORD,CT,41.046223,-73.548541,1,rooftop,"46 Taylor St",,"Stamford, CT 06902",46,"Taylor St",,,Stamford,CT,"Western Connecticut Planning Region",06902,US,"City of Stamford",gcod_usndxth7zswun6qf3l9jkwqph24f9,building_centroid
"42 MAGEE AVENUE",STAMFORD,CT,41.048314,-73.528226,1,rooftop,"42 Magee Ave",,"Stamford, CT 06902",42,"Magee Ave",,,Stamford,CT,"Western Connecticut Planning Region",06902,US,"City of Stamford",gcod_usn9a6bt4hdtehy7fcmwslk33vul5,building_centroid
"182 TURNER ROAD ",STAMFORD,CT,41.081978,-73.542075,1,rooftop,"182 Turner Rd",,"Stamford, CT 06905",182,"Turner Rd",,,Stamford,CT,"Western Connecticut Planning Region",06905,US,"City of Stamford",gcod_usn7ga2ur5dgqk9ffbfwgxb43j6d5,building_centroid
"94 SOUTHFIELD AVENUE",STAMFORD,CT,41.036993,-73.547353,1,rooftop,"94 Southfield Ave",,"Stamford, CT 06902",94,"Southfield Ave",,,Stamford,CT,"Western Connecticut Planning Region",06902,US,"City of Stamford",gcod_usn9rvkb5jqlhl7g3rqa4kzp636hd,building_centroid
"94 SOUTHFIELD AVENUE",STAMFORD,CT,41.036993,-73.547353,1,rooftop,"94 Southfield Ave",,"Stamford, CT 06902",94,"Southfield Ave",,,Stamford,CT,"Western Connecticut Planning Region",06902,US,"City of Stamford",gcod_usn9rvkb5jqlhl7g3rqa4kzp636hd,building_centroid
"94 SOUTHFIELD AVENUE ",STAMFORD,CT,41.036993,-73.547353,1,rooftop,"94 Southfield Ave",,"Stamford, CT 06902",94,"Southfield Ave",,,Stamford,CT,"Western Connecticut Planning Region",06902,US,"City of Stamford",gcod_usn9rvkb5jqlhl7g3rqa4kzp636hd,building_centroid
"110 MAPLE TREE AVENUE",STAMFORD,CT,41.07228,-73.511559,1,rooftop,"110 Maple Tree Ave",,"Stamford, CT 06906",110,"Maple Tree Ave",,,Stamford,CT,"Western Connecticut Planning Region",06906,US,"City of Stamford",gcod_usnlpm6xtnxdrsme7n8parkp2v5fc,building_centroid
"11 LARGO DRIVE SOUTH ",STAMFORD,CT,41.088577,-73.51737,1,rooftop,"11 Largo Dr S",,"Stamford, CT 06907",11,"Largo Dr S",,,Stamford,CT,"Western Connecticut Planning Region",06907,US,"Connecticut Geospatial Information Systems Council",gcod_usnebe3664um2a27qh6ll26xl74qc,building_centroid
"45 RESEARCH DRIVE",STAMFORD,CT,41.076476,-73.51934,1,rooftop,"45 Research Dr",,"Stamford, CT 06906",45,"Research Dr",,,Stamford,CT,"Western Connecticut Planning Region",06906,US,"City of Stamford",gcod_usnpxzxex64qef6gavvt4nfp4n97b,building_centroid
"22 ANTHONY STREET",STAMFORD,CT,41.049195,-73.553325,1,rooftop,"22 Anthony St",,"Stamford, CT 06902",22,"Anthony St",,,Stamford,CT,"Western Connecticut Planning Region",06902,US,"City of Stamford",gcod_usnm23a25rmm2b34kuejq3dgjxnd4,building_centroid
"15 WELLS AVENUE",STAMFORD,CT,41.035076,-73.548389,1,rooftop,"15 Wells Ave",,"Stamford, CT 06902",15,"Wells Ave",,,Stamford,CT,"Western Connecticut Planning Region",06902,US,"City of Stamford",gcod_usng8nan9mcv6msajysgxtdshjqw4,building_centroid
"53 CHARLES STREET",STAMFORD,CT,41.044661,-73.510086,1,rooftop,"53 Charles St",,"Stamford, CT 06902",53,"Charles St",,,Stamford,CT,"Western Connecticut Planning Region",06902,US,"City of Stamford",gcod_usn8zn2nysg9ns7bq7vx5jr744tqc,building_centroid
"110 WILLOWBROOK AVENUE",STAMFORD,CT,41.045108,-73.513931,1,rooftop,"110 Willowbrook Ave",,"Stamford, CT 06902",110,"Willowbrook Ave",,,Stamford,CT,"Western Connecticut Planning Region",06902,US,"City of Stamford",gcod_usn8znjht2qgk3keg25nvq6blwjj8,building_centroid
"98 SOUNDVIEW DRIVE",STAMFORD,CT,41.040229,-73.512936,1,rooftop,"98 Soundview Dr",,"Stamford, CT 06902",98,"Soundview Dr",,,Stamford,CT,"Western Connecticut Planning Region",06902,US,"City of Stamford",gcod_usn8vej668tp8hy6edv2ulcag99d7,building_centroid
"0 MADISON PLACE",STAMFORD,CT,41.045278,-73.552282,1,street_center,"Madison Pl",,"Stamford, CT 06902",,"Madison Pl",,,Stamford,CT,"Western Connecticut Planning Region",06902,US,"TIGER/Line® dataset from the US Census Bureau",gcod_usswyxekgvhpfkc7,
"23 MADISON PLACE",STAMFORD,CT,41.045488,-73.552218,1,rooftop,"23 Madison Pl",,"Stamford, CT 06902",23,"Madison Pl",,,Stamford,CT,"Western Connecticut Planning Region",06902,US,"City of Stamford",gcod_usnwyxekgvhpfkc7j7n28zghjus8h,building_centroid
"2435 BEDFORD STREET ",STAMFORD,CT,41.070476,-73.541911,1,rooftop,"2435 Bedford St",,"Stamford, CT 06905",2435,"Bedford St",,,Stamford,CT,"Western Connecticut Planning Region",06905,US,"City of Stamford",gcod_usnxgapvae5gwy5dejl3dbcr363kd,building_centroid
"258 ATLANTIC STREET ",STAMFORD,CT,41.051818,-73.539241,1,rooftop,"258 Atlantic St",,"Stamford, CT 06901",258,"Atlantic St",,,Stamford,CT,"Western Connecticut Planning Region",06901,US,"City of Stamford",gcod_usn4g7f8x5yzp7udmhybxhcjtlqs6,building_centroid
"258 ATLANTIC STREET",STAMFORD,CT,41.051818,-73.539241,1,rooftop,"258 Atlantic St",,"Stamford, CT 06901",258,"Atlantic St",,,Stamford,CT,"Western Connecticut Planning Region",06901,US,"City of Stamford",gcod_usn4g7f8x5yzp7udmhybxhcjtlqs6,building_centroid
"190 PALMERS HILL ROAD",STAMFORD,CT,41.059635,-73.567843,1,range_interpolation,"190 Palmers Hill Rd",,"Stamford, CT 06902",190,"Palmers Hill Rd",,,Stamford,CT,"Western Connecticut Planning Region",06902,US,"TIGER/Line® from the US Census Bureau",gcod_usnabgy8rz5tgg72amc2c4s8twxwb,
"71 STRAWBERRY HILL AVENUE",STAMFORD,CT,41.063039,-73.532284,1,rooftop,"71 Strawberry Hill Ave",,"Stamford, CT 06902",71,"Strawberry Hill Ave",,,Stamford,CT,"Western Connecticut Planning Region",06902,US,"City of Stamford",gcod_usnte84mnkbs247et9f3pj5evhdfa,building_centroid
"76 VIADUCT ROAD ",STAMFORD,CT,41.08161,-73.519529,1,rooftop,"76 Viaduct Rd",,"Stamford, CT 06907",76,"Viaduct Rd",,,Stamford,CT,"Western Connecticut Planning Region",06907,US,"City of Stamford",gcod_usn5hldge7zuhy48x393qmbd6zmx8,building_centroid
"277 TURN OF RIVER ROAD ",STAMFORD,CT,41.110572,-73.53951,1,rooftop,"277 Turn of River Rd",,"Stamford, CT 06905",277,"Turn of River Rd",,,Stamford,CT,"Western Connecticut Planning Region",06905,US,"Connecticut Geospatial Information Systems Council",gcod_usnj4ayc3fn7wv23rkv52bvd644za,building_centroid
"275 TURN OF RIVER ROAD ",STAMFORD,CT,41.112077,-73.543704,1,rooftop,"275 Turn of River Rd",,"Stamford, CT 06905",275,"Turn of River Rd",,,Stamford,CT,"Western Connecticut Planning Region",06905,US,"City of Stamford",gcod_usnj4ayc3fn7wv23rrzp7ssw4vp3f,building_centroid
"168 BELLTOWN ROAD",STAMFORD,CT,41.081688,-73.531965,1,rooftop,"168 Belltown Rd",,"Stamford, CT 06905",168,"Belltown Rd",,,Stamford,CT,"Western Connecticut Planning Region",06905,US,"City of Stamford",gcod_usnxuvbnflhwv3x3x44eje3tmsju7,building_centroid
"25 CENTER STREET",STAMFORD,CT,41.070511,-73.523717,1,rooftop,"25 Center St",,"Stamford, CT 06906",25,"Center St",,,Stamford,CT,"Western Connecticut Planning Region",06906,US,"City of Stamford",gcod_usnpne2zlzcdls57jelz8dx9rl5bc,building_centroid
"2289 BEDFORD STREET",STAMFORD,CT,41.069671,-73.543516,1,rooftop,"2289 Bedford St",,"Stamford, CT 06905",2289,"Bedford St",,,Stamford,CT,"Western Connecticut Planning Region",06905,US,"City of Stamford",gcod_usnxgapvae5gwy5d45b5cal8djn84,building_centroid
"2289 BEDFORD STREET",STAMFORD,CT,41.069671,-73.543516,1,rooftop,"2289 Bedford St",,"Stamford, CT 06905",2289,"Bedford St",,,Stamford,CT,"Western Connecticut Planning Region",06905,US,"City of Stamford",gcod_usnxgapvae5gwy5d45b5cal8djn84,building_centroid
"2289 BEDFORD STREET",STAMFORD,CT,41.069671,-73.543516,1,rooftop,"2289 Bedford St",,"Stamford, CT 06905",2289,"Bedford St",,,Stamford,CT,"Western Connecticut Planning Region",06905,US,"City of Stamford",gcod_usnxgapvae5gwy5d45b5cal8djn84,building_centroid
"0 HARBOR DRIVE",STAMFORD,CT,41.034582,-73.533653,1,street_center,"Harbor Dr",,"Stamford, CT 06902",,"Harbor Dr",,,Stamford,CT,"Western Connecticut Planning Region",06902,US,"TIGER/Line® dataset from the US Census Bureau",gcod_ussf6peeepruj8ub,
"0 HARBOR DRIVE",STAMFORD,CT,41.034582,-73.533653,1,street_center,"Harbor Dr",,"Stamford, CT 06902",,"Harbor Dr",,,Stamford,CT,"Western Connecticut Planning Region",06902,US,"TIGER/Line® dataset from the US Census Bureau",gcod_ussf6peeepruj8ub,
"0 HARBOR DRIVE",STAMFORD,CT,41.034582,-73.533653,1,street_center,"Harbor Dr",,"Stamford, CT 06902",,"Harbor Dr",,,Stamford,CT,"Western Connecticut Planning Region",06902,US,"TIGER/Line® dataset from the US Census Bureau",gcod_ussf6peeepruj8ub,
"450 WEST AVENUE",STAMFORD,CT,41.039351,-73.558183,1,rooftop,"450 West Ave",,"Stamford, CT 06902",450,"West Ave",,,Stamford,CT,"Western Connecticut Planning Region",06902,US,"City of Stamford",gcod_usnkkg6732v69cpgu62zhantbg5y5,building_centroid
"427 WEST AVENUE",STAMFORD,CT,41.03785,-73.558863,1,rooftop,"427 West Ave",,"Stamford, CT 06902",427,"West Ave",,,Stamford,CT,"Western Connecticut Planning Region",06902,US,"City of Stamford",gcod_usnkkg6732v69cpg4hu92dj5x25s4,building_centroid
"10 LINDEN PLACE",STAMFORD,CT,41.06026,-73.544831,1,rooftop,"10 Linden Pl",,"Stamford, CT 06902",10,"Linden Pl",,,Stamford,CT,"Western Connecticut Planning Region",06902,US,"City of Stamford",gcod_usnchype6ypxgpj9pqm8ttgs8c8bb,building_centroid
"16 MANOR STREET",STAMFORD,CT,41.039722,-73.54042,1,rooftop,"16 Manor St",,"Stamford, CT 06902",16,"Manor St",,,Stamford,CT,"Western Connecticut Planning Region",06902,US,"City of Stamford",gcod_usnrxgx3wfg6ws4fcwueht8qbnr2f,building_centroid
"100 RESEARCH DRIVE",STAMFORD,CT,41.077301,-73.520002,1,rooftop,"100 Research Dr",,"Stamford, CT 06906",100,"Research Dr",,,Stamford,CT,"Western Connecticut Planning Region",06906,US,"City of Stamford",gcod_usnpxzxex64qef6ghtjuh6jdtyuxc,building_centroid
"130 LENOX AVENUE",STAMFORD,CT,41.069814,-73.510681,1,rooftop,"130 Lenox Ave",,"Stamford, CT 06906",130,"Lenox Ave",,,Stamford,CT,"Western Connecticut Planning Region",06906,US,"City of Stamford",gcod_usnlvvkgajhh9xfbcv7lmnr4dsgb2,building_centroid
"130 LENOX AVENUE",STAMFORD,CT,41.069814,-73.510681,1,rooftop,"130 Lenox Ave",,"Stamford, CT 06906",130,"Lenox Ave",,,Stamford,CT,"Western Connecticut Planning Region",06906,US,"City of Stamford",gcod_usnlvvkgajhh9xfbcv7lmnr4dsgb2,building_centroid
"12 CATOONA LANE",STAMFORD,CT,41.051612,-73.566392,1,rooftop,"12 Catoona Ln",,"Stamford, CT 06902",12,"Catoona Ln",,,Stamford,CT,"Western Connecticut Planning Region",06902,US,"City of Stamford",gcod_usn4xpaq7yqnqlqcfmhahcatknwe5,building_centroid
"0 PONUS RIDGE ROAD",STAMFORD,CT,41.037706,-73.52543,1,street_center,"Ponus Ave",,"Stamford, CT 06902",,"Ponus Ave",,,Stamford,CT,"Western Connecticut Planning Region",06902,US,"TIGER/Line® dataset from the US Census Bureau",gcod_usstply64sd66824,
"30 HUNTING LANE ",STAMFORD,CT,41.102097,-73.559868,1,rooftop,"30 Hunting Ln",,"Stamford, CT 06902",30,"Hunting Ln",,,Stamford,CT,"Western Connecticut Planning Region",06902,US,"City of Stamford",gcod_usn6crmujv74j9gg9n2heal9w943f,building_centroid
"35  WEST BROAD STREET  #425",STAMFORD,CT,41.055906,-73.546195,1,rooftop,"35 W Broad St","Unit 425","Stamford, CT 06902",35,"W Broad St",Unit,425,Stamford,CT,"Western Connecticut Planning Region",06902,US,"City of Stamford",gcod_usnxrn5wgumjceu3kyprzg694bx4f-q6467j44yjngf,building_centroid
"48 MANOR STREET",STAMFORD,CT,41.040141,-73.539242,1,rooftop,"48 Manor St",,"Stamford, CT 06902",48,"Manor St",,,Stamford,CT,"Western Connecticut Planning Region",06902,US,"City of Stamford",gcod_usnrxgx3wfg6ws4fzfs3euza6y9sd,building_centroid
"100 SPRUCE STREET ",STAMFORD,CT,41.051358,-73.550311,1,rooftop,"100 Spruce St",,"Stamford, CT 06902",100,"Spruce St",,,Stamford,CT,"Western Connecticut Planning Region",06902,US,"City of Stamford",gcod_usn4eycv8yg9bfv6dwl2gqrjggjaf,building_centroid
"25  FOREST STREET  #10J",STAMFORD,CT,41.056436,-73.5366,1,rooftop,"25 Forest St","Apt 10J","Stamford, CT 06901",25,"Forest St",Apt,10J,Stamford,CT,"Western Connecticut Planning Region",06901,US,"City of Stamford",gcod_usnb274rsjhswc4dl4dpytflle7gb-en6adwrwsv8w2,building_centroid
"1029 EAST MAIN STREET ",STAMFORD,CT,41.056314,-73.518509,1,rooftop,"1029 E Main St",,"Stamford, CT 06902",1029,"E Main St",,,Stamford,CT,"Western Connecticut Planning Region",06902,US,"City of Stamford",gcod_usntvhz3k7qw38ehx5brbj5jtvur9,building_centroid
"1515 SUMMER STREET #UT704",STAMFORD,CT,41.063202,-73.542171,1,rooftop,"1515 Summer St","Unit 704","Stamford, CT 06905",1515,"Summer St",Unit,704,Stamford,CT,"Western Connecticut Planning Region",06905,US,"City of Stamford",gcod_usnfhzebygqbquk7762f2jsy532a9-eqgkrhfbgu8xd,building_centroid
"85  CAMP AVENUE  #UT 7A",STAMFORD,CT,41.09495,-73.514925,1,rooftop,"85 Camp Ave","# UT","Stamford, CT 06907",85,"Camp Ave",#,UT,Stamford,CT,"Western Connecticut Planning Region",06907,US,"City of Stamford",gcod_usnkjmhqvk3sd7fa6k6jp6eqc476b-drjktjrwljh53,building_centroid
"110 PINE HILL AVENUE",STAMFORD,CT,41.071381,-73.528953,1,rooftop,"110 Pine Hill Ave",,"Stamford, CT 06906",110,"Pine Hill Ave",,,Stamford,CT,"Western Connecticut Planning Region",06906,US,"City of Stamford",gcod_usnl269s6r53lvl54hwjxnbf4upvc,building_centroid
"14 GREGORY STREET",STAMFORD,CT,41.053852,-73.524146,1,rooftop,"14 Gregory St",,"Stamford, CT 06902",14,"Gregory St",,,Stamford,CT,"Western Connecticut Planning Region",06902,US,"City of Stamford",gcod_usnf7sk5bvkfq267ccj39jj9tqsaf,building_centroid
"38 MAPLE TREE AVENUE ",STAMFORD,CT,41.071639,-73.51476,1,rooftop,"38 Maple Tree Ave",,"Stamford, CT 06906",38,"Maple Tree Ave",,,Stamford,CT,"Western Connecticut Planning Region",06906,US,"City of Stamford",gcod_usnlpm6xtnxdrsmehswek3jbaragh,building_centroid
"36 TURN OF RIVER ROAD",STAMFORD,CT,41.104099,-73.547697,1,rooftop,"36 Turn of River Rd",,"Stamford, CT 06905",36,"Turn of River Rd",,,Stamford,CT,"Western Connecticut Planning Region",06905,US,"City of Stamford",gcod_usnj4ayc3fn7wv2345nbuj8rc98ra,building_centroid
"482 FAIRFIELD AVENUE ",STAMFORD,CT,41.034893,-73.551428,1,rooftop,"482 Fairfield Ave",,"Stamford, CT 06902",482,"Fairfield Ave",,,Stamford,CT,"Western Connecticut Planning Region",06902,US,"City of Stamford",gcod_usnbau5kw53kfcehw5w7lf73js6s7,building_centroid
"38 COOK ROAD",STAMFORD,CT,41.031023,-73.54486,1,rooftop,"38 Cook Rd",,"Stamford, CT 06902",38,"Cook Rd",,,Stamford,CT,"Western Connecticut Planning Region",06902,US,"City of Stamford",gcod_usngntqct9wj3rlb74w97nvj9lcxc,building_centroid
"34 CRESCENT STREET",STAMFORD,CT,41.070565,-73.518644,1,rooftop,"34 Crescent St",,"Stamford, CT 06906",34,"Crescent St",,,Stamford,CT,"Western Connecticut Planning Region",06906,US,"City of Stamford",gcod_usnjfp8jlrx8z9j6vvnty8mr32qh9,building_centroid
"55 TUPPER DRIVE",STAMFORD,CT,41.042087,-73.517026,1,rooftop,"55 Tupper Dr",,"Stamford, CT 06902",55,"Tupper Dr",,,Stamford,CT,"Western Connecticut Planning Region",06902,US,"City of Stamford",gcod_usn6nq369dkev9xdhn3dkgeml3lv8,building_centroid
"30 HINCKLEY AVENUE",STAMFORD,CT,41.057429,-73.550552,1,rooftop,"30 Hinckley Ave",,"Stamford, CT 06902",30,"Hinckley Ave",,,Stamford,CT,"Western Connecticut Planning Region",06902,US,"City of Stamford",gcod_usnv24ng9ak3zya8zvvt5wkfv2d2d,building_centroid
"25 WILSON STREET",STAMFORD,CT,41.04722,-73.553588,1,rooftop,"25 Wilson St",,"Stamford, CT 06902",25,"Wilson St",,,Stamford,CT,"Western Connecticut Planning Region",06902,US,"City of Stamford",gcod_usnquvnxtg2c73a5uc9c7h2ju8vld,building_centroid
"95 INTERVALE ROAD ",STAMFORD,CT,41.10687,-73.541299,1,rooftop,"95 Intervale Rd",,"Stamford, CT 06905",95,"Intervale Rd",,,Stamford,CT,"Western Connecticut Planning Region",06905,US,"City of Stamford",gcod_usnp2pkzu949nqp3meydugq73d7yc,building_centroid
"70 STRAWBERRY HILL AVENUE",STAMFORD,CT,41.062862,-73.533836,1,rooftop,"70 Strawberry Hill Ave",,"Stamford, CT 06902",70,"Strawberry Hill Ave",,,Stamford,CT,"Western Connecticut Planning Region",06902,US,"City of Stamford",gcod_usnte84mnkbs247et4ghk3babxpl4,building_centroid
"310 HAMILTON AVENUE ",STAMFORD,CT,41.063025,-73.510688,1,rooftop,"310 Hamilton Ave",,"Stamford, CT 06902",310,"Hamilton Ave",,,Stamford,CT,"Western Connecticut Planning Region",06902,US,"City of Stamford",gcod_usn32hz5gsk43xc47kfettpl2hfs9,building_centroid
"38 SHERWOOD ROAD",STAMFORD,CT,41.080734,-73.541138,1,rooftop,"38 Sherwood Rd",,"Stamford, CT 06905",38,"Sherwood Rd",,,Stamford,CT,"Western Connecticut Planning Region",06905,US,"City of Stamford",gcod_usn7un4gk7u555j4dv9sdxyly9hr4,building_centroid
"7 FOURTH STREET ",STAMFORD,CT,41.064361,-73.544921,1,rooftop,"7 4th St",,"Stamford, CT 06905",7,"4th St",,,Stamford,CT,"Western Connecticut Planning Region",06905,US,"City of Stamford",gcod_usn5fgynzqgmxlf2ty9r7gtln49s3,building_centroid
"70 COLUMBUS PLACE ",STAMFORD,CT,41.098593,-73.513955,1,rooftop,"70 Columbus Pl",,"Stamford, CT 06907",70,"Columbus Pl",,,Stamford,CT,"Western Connecticut Planning Region",06907,US,"City of Stamford",gcod_usn2g5ngj4eyywghmz7gh5msdtp5h,building_centroid
"266 HOPE STREET",STAMFORD,CT,41.069833,-73.526366,1,rooftop,"266 Hope St",,"Stamford, CT 06906",266,"Hope St",,,Stamford,CT,"Western Connecticut Planning Region",06906,US,"City of Stamford",gcod_usnbl6a8pggekw47xae6u5zyfhgr4,building_centroid
"61 GROVE STREET",STAMFORD,CT,41.056057,-73.533538,1,rooftop,"61 Grove St",,"Stamford, CT 06901",61,"Grove St",,,Stamford,CT,"Western Connecticut Planning Region",06901,US,"City of Stamford",gcod_usnyw6nvzwp3dqcbg6czavuh85c8e,building_centroid
"86 MYRTLE AVENUE",STAMFORD,CT,41.053008,-73.525293,1,rooftop,"86 Myrtle Ave",,"Stamford, CT 06902",86,"Myrtle Ave",,,Stamford,CT,"Western Connecticut Planning Region",06902,US,"City of Stamford",gcod_usn7ykrfcpkdx45e8a3ns4ag4yvu8,building_centroid
"14 FAHEY STREET",STAMFORD,CT,41.09178,-73.517308,1,rooftop,"14 Fahey St",,"Stamford, CT 06907",14,"Fahey St",,,Stamford,CT,"Western Connecticut Planning Region",06907,US,"City of Stamford",gcod_usn9lumbnmuampz9raqldwbqbhcjg,building_centroid
"4 RIVER PLACE",STAMFORD,CT,41.100058,-73.512499,1,rooftop,"4 River Pl",,"Stamford, CT 06907",4,"River Pl",,,Stamford,CT,"Western Connecticut Planning Region",06907,US,"City of Stamford",gcod_usnqhzkke9ulql2htatfnn2ht3led,building_centroid
"39 GLENBROOK ROAD",STAMFORD,CT,41.056498,-73.528443,1,rooftop,"39 Glenbrook Rd",,"Stamford, CT 06902",39,"Glenbrook Rd",,,Stamford,CT,"Western Connecticut Planning Region",06902,US,"City of Stamford",gcod_usnqrk9rbqbd8lvelvscb4kjcd8ue,building_centroid
"39 GLENBROOK ROAD",STAMFORD,CT,41.056498,-73.528443,1,rooftop,"39 Glenbrook Rd",,"Stamford, CT 06902",39,"Glenbrook Rd",,,Stamford,CT,"Western Connecticut Planning Region",06902,US,"City of Stamford",gcod_usnqrk9rbqbd8lvelvscb4kjcd8ue,building_centroid
"39 GLENBROOK ROAD",STAMFORD,CT,41.056498,-73.528443,1,rooftop,"39 Glenbrook Rd",,"Stamford, CT 06902",39,"Glenbrook Rd",,,Stamford,CT,"Western Connecticut Planning Region",06902,US,"City of Stamford",gcod_usnqrk9rbqbd8lvelvscb4kjcd8ue,building_centroid
"39 GLENBROOK ROAD",STAMFORD,CT,41.056498,-73.528443,1,rooftop,"39 Glenbrook Rd",,"Stamford, CT 06902",39,"Glenbrook Rd",,,Stamford,CT,"Western Connecticut Planning Region",06902,US,"City of Stamford",gcod_usnqrk9rbqbd8lvelvscb4kjcd8ue,building_centroid
"39 GLENBROOK ROAD",STAMFORD,CT,41.056498,-73.528443,1,rooftop,"39 Glenbrook Rd",,"Stamford, CT 06902",39,"Glenbrook Rd",,,Stamford,CT,"Western Connecticut Planning Region",06902,US,"City of Stamford",gcod_usnqrk9rbqbd8lvelvscb4kjcd8ue,building_centroid
"39 GLENBROOK ROAD",STAMFORD,CT,41.056498,-73.528443,1,rooftop,"39 Glenbrook Rd",,"Stamford, CT 06902",39,"Glenbrook Rd",,,Stamford,CT,"Western Connecticut Planning Region",06902,US,"City of Stamford",gcod_usnqrk9rbqbd8lvelvscb4kjcd8ue,building_centroid
"17 OENOKE PLACE",STAMFORD,CT,41.098855,-73.516604,1,rooftop,"17 Oenoke Pl",,"Stamford, CT 06907",17,"Oenoke Pl",,,Stamford,CT,"Western Connecticut Planning Region",06907,US,"City of Stamford",gcod_usn9ycqj8dve4asfjuncnctaqn6yh,building_centroid
"0 SUMMER STREET ",STAMFORD,CT,41.069943,-73.549435,1,street_center,"Summer St",,"Stamford, CT 06905",,"Summer St",,,Stamford,CT,"Western Connecticut Planning Region",06905,US,"TIGER/Line® dataset from the US Census Bureau",gcod_ussfhzebygqbquk7,
"0 SUMMER STREET",STAMFORD,CT,41.069943,-73.549435,1,street_center,"Summer St",,"Stamford, CT 06905",,"Summer St",,,Stamford,CT,"Western Connecticut Planning Region",06905,US,"TIGER/Line® dataset from the US Census Bureau",gcod_ussfhzebygqbquk7,
"0 SUMMER STREET ",STAMFORD,CT,41.069943,-73.549435,1,street_center,"Summer St",,"Stamford, CT 06905",,"Summer St",,,Stamford,CT,"Western Connecticut Planning Region",06905,US,"TIGER/Line® dataset from the US Census Bureau",gcod_ussfhzebygqbquk7,
"0 SUMMER STREET",STAMFORD,CT,41.069943,-73.549435,1,street_center,"Summer St",,"Stamford, CT 06905",,"Summer St",,,Stamford,CT,"Western Connecticut Planning Region",06905,US,"TIGER/Line® dataset from the US Census Bureau",gcod_ussfhzebygqbquk7,
"0 SUMMER STREET ",STAMFORD,CT,41.069943,-73.549435,1,street_center,"Summer St",,"Stamford, CT 06905",,"Summer St",,,Stamford,CT,"Western Connecticut Planning Region",06905,US,"TIGER/Line® dataset from the US Census Bureau",gcod_ussfhzebygqbquk7,
"0 SUMMER STREET",STAMFORD,CT,41.069943,-73.549435,1,street_center,"Summer St",,"Stamford, CT 06905",,"Summer St",,,Stamford,CT,"Western Connecticut Planning Region",06905,US,"TIGER/Line® dataset from the US Census Bureau",gcod_ussfhzebygqbquk7,
"0 SUMMER STREET",STAMFORD,CT,41.069943,-73.549435,1,street_center,"Summer St",,"Stamford, CT 06905",,"Summer St",,,Stamford,CT,"Western Connecticut Planning Region",06905,US,"TIGER/Line® dataset from the US Census Bureau",gcod_ussfhzebygqbquk7,
"167 GROVE STREET",STAMFORD,CT,41.059664,-73.533222,1,rooftop,"167 Grove St",,"Stamford, CT 06901",167,"Grove St",,,Stamford,CT,"Western Connecticut Planning Region",06901,US,"City of Stamford",gcod_usny824txz5fhuw568jlsch438sr5,building_centroid
"167 GROVE STREET",STAMFORD,CT,41.059664,-73.533222,1,rooftop,"167 Grove St",,"Stamford, CT 06901",167,"Grove St",,,Stamford,CT,"Western Connecticut Planning Region",06901,US,"City of Stamford",gcod_usny824txz5fhuw568jlsch438sr5,building_centroid
"72 ALVORD LANE",STAMFORD,CT,41.051596,-73.563729,1,rooftop,"72 Alvord Ln",,"Stamford, CT 06902",72,"Alvord Ln",,,Stamford,CT,"Western Connecticut Planning Region",06902,US,"City of Stamford",gcod_usne7m36zwrmwwe75ue6ke5dyqfv2,building_centroid
"65 WEST BROAD STREET ",STAMFORD,CT,41.055943,-73.54773,1,rooftop,"65 W Broad St",,"Stamford, CT 06902",65,"W Broad St",,,Stamford,CT,"Western Connecticut Planning Region",06902,US,"City of Stamford",gcod_usnxrn5wgumjceu3vqmaa8ynyrce7,building_centroid
"64 VICTORY STREET",STAMFORD,CT,41.045952,-73.555207,1,rooftop,"64 Victory St",,"Stamford, CT 06902",64,"Victory St",,,Stamford,CT,"Western Connecticut Planning Region",06902,US,"City of Stamford",gcod_usnd6tzvz2wl7begma9vqjmj7h2fg,building_centroid
"122 BROAD STREET",STAMFORD,CT,41.055369,-73.5383,1,rooftop,"122 Broad St",,"Stamford, CT 06901",122,"Broad St",,,Stamford,CT,"Western Connecticut Planning Region",06901,US,"City of Stamford",gcod_usn72kxh2544zjt7httvvxuvqmeka,building_centroid
"103 WESTOVER AVENUE",STAMFORD,CT,41.070265,-73.576122,1,range_interpolation,"103 Westover Ave",,"Stamford, CT 06902",103,"Westover Ave",,,Stamford,CT,"Western Connecticut Planning Region",06902,US,"TIGER/Line® from the US Census Bureau",gcod_usnesaw6td8gq7p679b8cfsvbfvrb,
"1080  BEDFORD STREET  #2A",STAMFORD,CT,41.06163,-73.538679,1,rooftop,"1080 Bedford St","Apt 2A","Stamford, CT 06905",1080,"Bedford St",Apt,2A,Stamford,CT,"Western Connecticut Planning Region",06905,US,"City of Stamford",gcod_usnxgapvae5gwy5dfc2p9q5vwbfv8-ns42g23l7d8e4,building_centroid
"303 WEED AVENUE",STAMFORD,CT,41.05118,-73.503846,1,rooftop,"303 Weed Ave",,"Stamford, CT 06902",303,"Weed Ave",,,Stamford,CT,"Western Connecticut Planning Region",06902,US,"City of Stamford",gcod_usn96p52hp4nszy4gd7e5ttfq53db,building_centroid
"80 BURWOOD AVENUE",STAMFORD,CT,41.03248,-73.550079,1,rooftop,"80 Burwood Ave",,"Stamford, CT 06902",80,"Burwood Ave",,,Stamford,CT,"Western Connecticut Planning Region",06902,US,"City of Stamford",gcod_usn3prxcw5mhjs36uzdce5pfle8u9,building_centroid
"LOT 1 OCEAN DRIVE WEST #LOT 1",STAMFORD,CT,41.027095,-73.519569,0.92,rooftop,"1 Ocean View Dr",Lot,"Stamford, CT 06902",1,"Ocean View Dr",Lot,,Stamford,CT,"Western Connecticut Planning Region",06902,US,"City of Stamford",gcod_usnqvemfj5mv9yjguml9l76hftj25,building_centroid
"39 HAVEMEYER LANE",STAMFORD,CT,41.051792,-73.566424,1,rooftop,"39 Havemeyer Ln",,"Stamford, CT 06902",39,"Havemeyer Ln",,,Stamford,CT,"Western Connecticut Planning Region",06902,US,"City of Stamford",gcod_usnv2kfzqmcwaugddhazsnp5hd877,building_centroid
"67 WARREN STREET ",STAMFORD,CT,41.050954,-73.523831,1,rooftop,"67 Warren St",,"Stamford, CT 06902",67,"Warren St",,,Stamford,CT,"Western Connecticut Planning Region",06902,US,"City of Stamford",gcod_usns8jum35rfdwdanq6lxdq32kygd,building_centroid
"11 GOODWIN STREET #B",STAMFORD,CT,41.069596,-73.523264,1,rooftop,"11 Goodwin St","# B","Stamford, CT 06906",11,"Goodwin St",#,B,Stamford,CT,"Western Connecticut Planning Region",06906,US,"City of Stamford",gcod_usnp8q7tl3p2pkk5ta2mmm2xb3t2g-g7e39zrz7ku33,building_centroid
"6 WALNUT RIDGE COURT",STAMFORD,CT,41.086957,-73.549908,1,range_interpolation,"6 Walnut Ridge Ct",,"Stamford, CT 06905",6,"Walnut Ridge Ct",,,Stamford,CT,"Western Connecticut Planning Region",06905,US,"TIGER/Line® from the US Census Bureau",gcod_usn73g6x5ezm4lfdgcmnjw2usgbe8,
"711 CANAL STREET #Y8",STAMFORD,CT,41.044502,-73.533712,1,rooftop,"711 Canal St","# Y8","Stamford, CT 06902",711,"Canal St",#,Y8,Stamford,CT,"Western Connecticut Planning Region",06902,US,"City of Stamford",gcod_usnkg4bagl2ep36clt47e8zu273zc-68ld296r7a9c3,building_centroid
"418 ELM STREET",STAMFORD,CT,41.050517,-73.527178,1,rooftop,"418 Elm St",,"Stamford, CT 06902",418,"Elm St",,,Stamford,CT,"Western Connecticut Planning Region",06902,US,"City of Stamford",gcod_usn7rv2dqnaehrjaa8cujku2e5s29,building_centroid
"30 MANOR STREET",STAMFORD,CT,41.039968,-73.539955,1,rooftop,"30 Manor St",,"Stamford, CT 06902",30,"Manor St",,,Stamford,CT,"Western Connecticut Planning Region",06902,US,"City of Stamford",gcod_usnrxgx3wfg6ws4fs5vb5h6df45k4,building_centroid
"1 BROAD STREET #14A",STAMFORD,CT,41.055361,-73.542812,1,rooftop,"1 Broad St","Unit 14A","Stamford, CT 06901",1,"Broad St",Unit,14A,Stamford,CT,"Western Connecticut Planning Region",06901,US,"City of Stamford",gcod_usn72kxh2544zjt7zwsunze3c4jsh-uypyud8uazefh,building_centroid
"1  BROAD STREET  #PH30C",STAMFORD,CT,41.055743,-73.544178,1,rooftop,"1 W Broad St","# PH30C","Stamford, CT 06902",1,"W Broad St",#,PH30C,Stamford,CT,"Western Connecticut Planning Region",06902,US,"City of Stamford",gcod_usnxrn5wgumjceu3hb38xvbslrw49-sxd5428m9av48,building_centroid
"77 HAVEMEYER LANE #69",STAMFORD,CT,41.0545,-73.566653,1,rooftop,"77 Havemeyer Ln","Unit 69","Stamford, CT 06902",77,"Havemeyer Ln",Unit,69,Stamford,CT,"Western Connecticut Planning Region",06902,US,"City of Stamford",gcod_usnv2kfzqmcwaugdtqz5m9ljt47dc-4ny5m8yu9lgf2,building_centroid
"35 DEE LANE",STAMFORD,CT,41.032048,-73.555462,1,rooftop,"35 Dee Ln",,"Stamford, CT 06902",35,"Dee Ln",,,Stamford,CT,"Western Connecticut Planning Region",06902,US,"City of Stamford",gcod_usnqb99nud29y2l2qwk7kaf67hye5,building_centroid
"71 ALVORD LANE ",STAMFORD,CT,41.051381,-73.563201,1,rooftop,"71 Alvord Ln",,"Stamford, CT 06902",71,"Alvord Ln",,,Stamford,CT,"Western Connecticut Planning Region",06902,US,"City of Stamford",gcod_usne7m36zwrmwwe7tzy5tamcjkzk9,building_centroid
"0 HAVEMEYER LANE",STAMFORD,CT,41.057513,-73.567669,1,street_center,"Havemeyer Ln",,"Stamford, CT 06902",,"Havemeyer Ln",,,Stamford,CT,"Western Connecticut Planning Region",06902,US,"TIGER/Line® dataset from the US Census Bureau",gcod_ussv2kfzqmcwaugd,
"106 HAVEMEYER LANE",STAMFORD,CT,41.058659,-73.568287,0.99,rooftop,"106 Havemeyer Ln",,"Old Greenwich, CT 06870",106,"Havemeyer Ln",,,"Old Greenwich",CT,"Western Connecticut Planning Region",06870,US,"Connecticut Geospatial Information Systems Council",gcod_usnyaxfbs3r4y7p5n95yy3b2yj95c,parcel_centroid
"101 LAFAYETTE STREET ",STAMFORD,CT,41.057282,-73.526815,1,rooftop,"101 Lafayette St",,"Stamford, CT 06902",101,"Lafayette St",,,Stamford,CT,"Western Connecticut Planning Region",06902,US,"City of Stamford",gcod_usnqfjz3yfvqfhhac345b3wlnt9m3,building_centroid
"100 RESEARCH DRIVE",STAMFORD,CT,41.077301,-73.520002,1,rooftop,"100 Research Dr",,"Stamford, CT 06906",100,"Research Dr",,,Stamford,CT,"Western Connecticut Planning Region",06906,US,"City of Stamford",gcod_usnpxzxex64qef6ghtjuh6jdtyuxc,building_centroid
"96 WEST CROSS ROAD ",STAMFORD,CT,41.114095,-73.513328,1,rooftop,"96 W Cross Rd",,"Stamford, CT 06907",96,"W Cross Rd",,,Stamford,CT,"Western Connecticut Planning Region",06907,US,"City of Stamford",gcod_usnwvngbz6cvxcz65yjqjgb3kluy4,building_centroid
"20 TOP GALLANT ROAD",STAMFORD,CT,41.031259,-73.548818,1,rooftop,"20 Top Gallant Rd",,"Stamford, CT 06902",20,"Top Gallant Rd",,,Stamford,CT,"Western Connecticut Planning Region",06902,US,"City of Stamford",gcod_usn4ee559xmh86h59clrlmtascge3,building_centroid
"7  BETTS AVENUE",STAMFORD,CT,41.040896,-73.556147,1,rooftop,"7 Betts Ave",,"Stamford, CT 06902",7,"Betts Ave",,,Stamford,CT,"Western Connecticut Planning Region",06902,US,"City of Stamford",gcod_usn6l55ena4whja7zegczyelcfzh3,building_centroid
"127 GREYROCK PLACE UT 1002",STAMFORD,CT,41.05447,-73.535818,1,rooftop,"127 Greyrock Pl",,"Stamford, CT 06901",127,"Greyrock Pl",,,Stamford,CT,"Western Connecticut Planning Region",06901,US,"City of Stamford",gcod_usnth6b3pbf9krj8739f3p9uz2ljb,building_centroid
"127 GREYROCK PLACE UT 909",STAMFORD,CT,41.05447,-73.535818,1,rooftop,"127 Greyrock Pl",,"Stamford, CT 06901",127,"Greyrock Pl",,,Stamford,CT,"Western Connecticut Planning Region",06901,US,"City of Stamford",gcod_usnth6b3pbf9krj8739f3p9uz2ljb,building_centroid
"39 GLENBROOK ROAD ",STAMFORD,CT,41.056498,-73.528443,1,rooftop,"39 Glenbrook Rd",,"Stamford, CT 06902",39,"Glenbrook Rd",,,Stamford,CT,"Western Connecticut Planning Region",06902,US,"City of Stamford",gcod_usnqrk9rbqbd8lvelvscb4kjcd8ue,building_centroid
"39 GLENBROOK ROAD",STAMFORD,CT,41.056498,-73.528443,1,rooftop,"39 Glenbrook Rd",,"Stamford, CT 06902",39,"Glenbrook Rd",,,Stamford,CT,"Western Connecticut Planning Region",06902,US,"City of Stamford",gcod_usnqrk9rbqbd8lvelvscb4kjcd8ue,building_centroid
"15 FIRST STREET",STAMFORD,CT,41.062449,-73.54129,1,rooftop,"15 1st St",,"Stamford, CT 06905",15,"1st St",,,Stamford,CT,"Western Connecticut Planning Region",06905,US,"City of Stamford",gcod_usnrwwgkr4zrl2j3pbcp54tytz827,building_centroid
"743 HOPE STREET",STAMFORD,CT,41.084529,-73.519151,1,rooftop,"743 Hope St",,"Stamford, CT 06907",743,"Hope St",,,Stamford,CT,"Western Connecticut Planning Region",06907,US,"City of Stamford",gcod_usnfkq23mubsxdk39xrtgwhcr4t78,building_centroid
"32 WEED HILL AVENUE",STAMFORD,CT,41.097643,-73.521847,1,rooftop,"32 Weed Hill Ave",,"Stamford, CT 06907",32,"Weed Hill Ave",,,Stamford,CT,"Western Connecticut Planning Region",06907,US,"City of Stamford",gcod_usnrza6pq4gc3yv9n72t4wxzrmxgh,building_centroid
"0 SUMMER STREET",STAMFORD,CT,41.069943,-73.549435,1,street_center,"Summer St",,"Stamford, CT 06905",,"Summer St",,,Stamford,CT,"Western Connecticut Planning Region",06905,US,"TIGER/Line® dataset from the US Census Bureau",gcod_ussfhzebygqbquk7,
"0 SUMMER STREET",STAMFORD,CT,41.069943,-73.549435,1,street_center,"Summer St",,"Stamford, CT 06905",,"Summer St",,,Stamford,CT,"Western Connecticut Planning Region",06905,US,"TIGER/Line® dataset from the US Census Bureau",gcod_ussfhzebygqbquk7,
"0 SUMMER STREET",STAMFORD,CT,41.069943,-73.549435,1,street_center,"Summer St",,"Stamford, CT 06905",,"Summer St",,,Stamford,CT,"Western Connecticut Planning Region",06905,US,"TIGER/Line® dataset from the US Census Bureau",gcod_ussfhzebygqbquk7,
"56 VIADUCT ROAD ",STAMFORD,CT,41.080307,-73.519513,1,rooftop,"56 Viaduct Rd",,"Stamford, CT 06907",56,"Viaduct Rd",,,Stamford,CT,"Western Connecticut Planning Region",06907,US,"City of Stamford",gcod_usn5hldge7zuhy48rama2252gdek7,building_centroid
"15 GREENWICH AVENUE",STAMFORD,CT,41.049945,-73.547048,1,rooftop,"15 Greenwich Ave",,"Stamford, CT 06902",15,"Greenwich Ave",,,Stamford,CT,"Western Connecticut Planning Region",06902,US,"City of Stamford",gcod_usnyd6a59b34xks3fxuwy5ntpv3hh,building_centroid
"37 VANECH DRIVE ",STAMFORD,CT,41.078264,-73.539611,1,rooftop,"37 Vanech Dr",,"Stamford, CT 06905",37,"Vanech Dr",,,Stamford,CT,"Western Connecticut Planning Region",06905,US,"City of Stamford",gcod_usndjkc5rvss3hu95jpfruw5ra4p9,building_centroid
"197 BRIDGE STREET",STAMFORD,CT,41.065624,-73.55427,1,rooftop,"197 Bridge St",,"Stamford, CT 06905",197,"Bridge St",,,Stamford,CT,"Western Connecticut Planning Region",06905,US,"City of Stamford",gcod_usnczaaelxv6wna96bn5q6bjj4q97,building_centroid
"197 BRIDGE STREET",STAMFORD,CT,41.065624,-73.55427,1,rooftop,"197 Bridge St",,"Stamford, CT 06905",197,"Bridge St",,,Stamford,CT,"Western Connecticut Planning Region",06905,US,"City of Stamford",gcod_usnczaaelxv6wna96bn5q6bjj4q97,building_centroid
"1234 SUMMER STREET ",STAMFORD,CT,41.061322,-73.541781,1,rooftop,"1234 Summer St",,"Stamford, CT 06905",1234,"Summer St",,,Stamford,CT,"Western Connecticut Planning Region",06905,US,"City of Stamford",gcod_usnfhzebygqbquk7vvef9hq5lehge,building_centroid
"139 MULBERRY STREET",STAMFORD,CT,41.09616,-73.525828,1,rooftop,"139 Mulberry St",,"Stamford, CT 06907",139,"Mulberry St",,,Stamford,CT,"Western Connecticut Planning Region",06907,US,"City of Stamford",gcod_usnlpfpzbsq4xbdcytqsc8mfzbzeb,building_centroid
"18 COURT STREET",STAMFORD,CT,41.061156,-73.545106,1,rooftop,"18 Court St",,"Stamford, CT 06902",18,"Court St",,,Stamford,CT,"Western Connecticut Planning Region",06902,US,"City of Stamford",gcod_usnyj3kdhjqtd6ndcdt5xp744jn4h,building_centroid
"18 COURT STREET",STAMFORD,CT,41.061156,-73.545106,1,rooftop,"18 Court St",,"Stamford, CT 06902",18,"Court St",,,Stamford,CT,"Western Connecticut Planning Region",06902,US,"City of Stamford",gcod_usnyj3kdhjqtd6ndcdt5xp744jn4h,building_centroid
"20 DALY STREET",STAMFORD,CT,41.054452,-73.528097,1,rooftop,"20 Daly St",,"Stamford, CT 06902",20,"Daly St",,,Stamford,CT,"Western Connecticut Planning Region",06902,US,"City of Stamford",gcod_usnxmknfvdmlpphcnxgvn2scbbh9b,building_centroid
"98 ECHO HILL DRIVE",STAMFORD,CT,41.156932,-73.601169,1,rooftop,"98 Echo Hill Dr",,"Stamford, CT 06903",98,"Echo Hill Dr",,,Stamford,CT,"Western Connecticut Planning Region",06903,US,"City of Stamford",gcod_usnt2mc8jqumg55eynl8cdyrhdh7g,building_centroid
"39 MAPLE TREE AVENUE #26",STAMFORD,CT,41.071279,-73.514165,1,rooftop,"39 Maple Tree Ave","Unit 26","Stamford, CT 06906",39,"Maple Tree Ave",Unit,26,Stamford,CT,"Western Connecticut Planning Region",06906,US,"City of Stamford",gcod_usnlpm6xtnxdrsmeb9gcucgrfgygb-9ld4lt3gbg83e,building_centroid
"54 STONE STREET",STAMFORD,CT,41.042133,-73.534673,1,rooftop,"54 Stone St",,"Stamford, CT 06902",54,"Stone St",,,Stamford,CT,"Western Connecticut Planning Region",06902,US,"City of Stamford",gcod_usnkjry73mge2g935ljknd99gktg4,building_centroid
"108 CHERRY HILL ROAD",STAMFORD,CT,41.146674,-73.490542,0.95,range_interpolation,"108 Cherry St",,"New Canaan, CT 06840",108,"Cherry St",,,"New Canaan",CT,"Western Connecticut Planning Region",06840,US,"TIGER/Line® from the US Census Bureau",gcod_usnwhh4ujdxq7dch5qt3z3cw73qvh,
"56 PHEASANT LANE",STAMFORD,CT,41.105445,-73.564908,1,rooftop,"56 Pheasant Ln",,"Stamford, CT 06903",56,"Pheasant Ln",,,Stamford,CT,"Western Connecticut Planning Region",06903,US,"City of Stamford",gcod_usn94t9sqb656wjanclvz3tj5g2z9,building_centroid
"31 MARINERS LANE ",STAMFORD,CT,41.03824,-73.52891,1,rooftop,"31 Mariners Ln",,"Stamford, CT 06902",31,"Mariners Ln",,,Stamford,CT,"Western Connecticut Planning Region",06902,US,"City of Stamford",gcod_usndr8gtqdf8pd8emwzqdc92cgqz7,building_centroid
"20 OAK STREET ",STAMFORD,CT,41.061965,-73.540718,1,rooftop,"20 Oak St",,"Stamford, CT 06905",20,"Oak St",,,Stamford,CT,"Western Connecticut Planning Region",06905,US,"City of Stamford",gcod_usnu2mmsps3n6337lb54ajgakhjvb,building_centroid
"16 OAK STREET",STAMFORD,CT,41.061943,-73.540876,1,rooftop,"16 Oak St",,"Stamford, CT 06905",16,"Oak St",,,Stamford,CT,"Western Connecticut Planning Region",06905,US,"City of Stamford",gcod_usnu2mmsps3n6337pnxml2mmnwm5b,building_centroid
"444 BEDFORD STREET",STAMFORD,CT,41.058154,-73.538335,1,rooftop,"444 Bedford St",,"Stamford, CT 06901",444,"Bedford St",,,Stamford,CT,"Western Connecticut Planning Region",06901,US,"City of Stamford",gcod_usn93nhags26h7xbynzxqtnlplwm2,building_centroid
"940 SHIPPAN AVENUE ",STAMFORD,CT,41.039284,-73.526708,1,rooftop,"940 Shippan Ave",,"Stamford, CT 06902",940,"Shippan Ave",,,Stamford,CT,"Western Connecticut Planning Region",06902,US,"City of Stamford",gcod_usn79qs6gl8nng5e6t6ztpvedaj2h,building_centroid
"42 WOODROW STREET ",STAMFORD,CT,41.051856,-73.519767,1,rooftop,"42 Woodrow St",,"Stamford, CT 06902",42,"Woodrow St",,,Stamford,CT,"Western Connecticut Planning Region",06902,US,"City of Stamford",gcod_usnet5y2bj5zcsy8auq6nk79ukzwd,building_centroid
"LOT C HUBBARD AVENUE ",STAMFORD,CT,41.050598,-73.520882,0.88,street_center,"Leeds St",,"Stamford, CT 06902",,"Leeds St",,,Stamford,CT,"Western Connecticut Planning Region",06902,US,"TIGER/Line® dataset from the US Census Bureau",gcod_uss5wgarf2creka7,
"27 TERRACE PLACE #UNIT 4",STAMFORD,CT,41.058111,-73.532666,1,rooftop,"27 Terrace Place #unit",,"Stamford, CT 06902",27,"Terrace Place #unit",,,Stamford,CT,"Western Connecticut Planning Region",06902,US,"Connecticut Geospatial Information Systems Council",gcod_usnc2q6rlazzz7jdetqzcr2fbfumh,parcel_centroid
"95 COLONIAL ROAD",STAMFORD,CT,41.070501,-73.529433,1,rooftop,"95 Colonial Rd",,"Stamford, CT 06906",95,"Colonial Rd",,,Stamford,CT,"Western Connecticut Planning Region",06906,US,"City of Stamford",gcod_usn8bhnwwt3w4a5hv3y662q3gg6g7,building_centroid
"44 EAST MIDDLE PATENT ROAD ",STAMFORD,CT,41.127188,-73.55368,0.85,range_interpolation,"44 Middle Ridge Rd",,"Stamford, CT 06903",44,"Middle Ridge Rd",,,Stamford,CT,"Western Connecticut Planning Region",06903,US,"TIGER/Line® from the US Census Bureau",gcod_usngdbghzwa8n7s9wyrj5mpaanqs9,
"40 HARBOR STREET ",STAMFORD,CT,41.039503,-73.538937,1,rooftop,"40 Harbor St",,"Stamford, CT 06902",40,"Harbor St",,,Stamford,CT,"Western Connecticut Planning Region",06902,US,"City of Stamford",gcod_usn2sp3924rgydt6dk4bbxmkyjrnh,building_centroid
"18 WARSHAW PLACE",STAMFORD,CT,41.042739,-73.559538,1,rooftop,"18 Warshaw Pl",,"Stamford, CT 06902",18,"Warshaw Pl",,,Stamford,CT,"Western Connecticut Planning Region",06902,US,"City of Stamford",gcod_usnyc6ejngzagy3de3fbn99pv4b4h,building_centroid
"17 WHITTAKER STREET",STAMFORD,CT,41.033194,-73.530063,1,rooftop,"17 Whittaker St",,"Stamford, CT 06902",17,"Whittaker St",,,Stamford,CT,"Western Connecticut Planning Region",06902,US,"City of Stamford",gcod_usnp7gpelu9lyhh2ytkdrbwmb5cbe,building_centroid
"40 OENOKE PLACE",STAMFORD,CT,41.097997,-73.516735,1,rooftop,"40 Oenoke Pl",,"Stamford, CT 06907",40,"Oenoke Pl",,,Stamford,CT,"Western Connecticut Planning Region",06907,US,"City of Stamford",gcod_usn9ycqj8dve4asfdkyft2dpldza4,building_centroid
"78 ALBIN ROAD ",STAMFORD,CT,41.051681,-73.506972,1,rooftop,"78 Albin Rd",,"Stamford, CT 06902",78,"Albin Rd",,,Stamford,CT,"Western Connecticut Planning Region",06902,US,"City of Stamford",gcod_usnks4e35c5xryg9z6myzvzzafbt6,building_centroid
"137 SEASIDE AVENUE",STAMFORD,CT,41.054296,-73.509838,1,rooftop,"137 Seaside Ave",,"Stamford, CT 06902",137,"Seaside Ave",,,Stamford,CT,"Western Connecticut Planning Region",06902,US,"City of Stamford",gcod_usnycqcgtwkxlajbee59a258dkrc9,building_centroid
"15  CRESCENT STREET ",STAMFORD,CT,41.06902,-73.519351,1,rooftop,"15 Crescent St",,"Stamford, CT 06906",15,"Crescent St",,,Stamford,CT,"Western Connecticut Planning Region",06906,US,"City of Stamford",gcod_usnjfp8jlrx8z9j65p33cngw76tl5,building_centroid
"16-18 WILLOWBROOK AVENUE ",STAMFORD,CT,41.048412,-73.514441,1,rooftop,"16 Willowbrook Ave",,"Stamford, CT 06902",16,"Willowbrook Ave",,,Stamford,CT,"Western Connecticut Planning Region",06902,US,"City of Stamford",gcod_usn8znjht2qgk3ke45sv5d5ng5by5,building_centroid
"27-27 NORTH STREET",STAMFORD,CT,41.058863,-73.545551,1,rooftop,"27-27 North St",,"Stamford, CT 06902",27-27,"North St",,,Stamford,CT,"Western Connecticut Planning Region",06902,US,"Connecticut Geospatial Information Systems Council",gcod_usnbsvcnnmtgsabgpr7xsy7ckp7d5,building_centroid
"51 ORANGE STREET",STAMFORD,CT,41.054681,-73.518908,1,rooftop,"51 Orange St",,"Stamford, CT 06902",51,"Orange St",,,Stamford,CT,"Western Connecticut Planning Region",06902,US,"City of Stamford",gcod_usnwse9esdp32nwg635g5wkwp5u72,building_centroid
"70-70 STRAWBERRY HILL AVENUE",STAMFORD,CT,41.062764,-73.53446,1,rooftop,"70-70 Strawberry Hill Ave",,"Stamford, CT 06902",70-70,"Strawberry Hill Ave",,,Stamford,CT,"Western Connecticut Planning Region",06902,US,"Connecticut Geospatial Information Systems Council",gcod_usnte84mnkbs247eed4azlc7qvrp6,parcel_centroid
"700-700 SUMMER STREET",STAMFORD,CT,41.057961,-73.540662,0.99,rooftop,"700 Summer St",,"Stamford, CT 06901",700,"Summer St",,,Stamford,CT,"Western Connecticut Planning Region",06901,US,"City of Stamford",gcod_usnmr5ypz5p8ae5a43sgc4hhrgnv2,building_centroid
"960-960 HOPE STREET",STAMFORD,CT,41.091821,-73.518551,1,rooftop,"960-960 Hope St",,"Stamford, CT 06907",960-960,"Hope St",,,Stamford,CT,"Western Connecticut Planning Region",06907,US,"Connecticut Geospatial Information Systems Council",gcod_usnfkq23mubsxdk3ulch8bmmqa4m7,building_centroid
"131-135 COURTLAND AVENUE ",STAMFORD,CT,41.062599,-73.514332,0.99,rooftop,"131 Courtland Ave",,"Stamford, CT 06902",131,"Courtland Ave",,,Stamford,CT,"Western Connecticut Planning Region",06902,US,"City of Stamford",gcod_usn4tkn9nm53kxl972gsr7sy27zx7,building_centroid
"25-25 SECOND STREET ",STAMFORD,CT,41.063471,-73.541641,1,rooftop,"25-25 2nd St",,"Stamford, CT 06905",25-25,"2nd St",,,Stamford,CT,"Western Connecticut Planning Region",06905,US,"Connecticut Geospatial Information Systems Council",gcod_usn84qh52splnsz6pupf4rdec6nb8,building_centroid
"218-218 BEDFORD STREET ",STAMFORD,CT,41.056887,-73.538576,0.99,rooftop,"218 Bedford St",,"Stamford, CT 06901",218,"Bedford St",,,Stamford,CT,"Western Connecticut Planning Region",06901,US,"City of Stamford",gcod_usn93nhags26h7xbm73e56mbxnjff,building_centroid
"986-986 BEDFORD STREET ",STAMFORD,CT,41.061444,-73.538394,1,rooftop,"986-986 Bedford St",,"Stamford, CT 06905",986-986,"Bedford St",,,Stamford,CT,"Western Connecticut Planning Region",06905,US,"Connecticut Geospatial Information Systems Council",gcod_usnxgapvae5gwy5d2tc7bc87jrtqf,building_centroid
"17-17 BENNETT STREET ",STAMFORD,CT,41.091078,-73.518964,0.99,rooftop,"17 Bennett St",,"Stamford, CT 06907",17,"Bennett St",,,Stamford,CT,"Western Connecticut Planning Region",06907,US,"City of Stamford",gcod_usnvgpgfl3qfgedb2n4752dqedare,building_centroid
"28-28 THIRD STREET ",STAMFORD,CT,41.064858,-73.541815,1,rooftop,"28-28 3rd St",,"Stamford, CT 06905",28-28,"3rd St",,,Stamford,CT,"Western Connecticut Planning Region",06905,US,"Connecticut Geospatial Information Systems Council",gcod_usny5hmtnv5mjbqdueh4yr85gslr6,building_centroid
"256-256 WASHINGTON BOULEVARD ",STAMFORD,CT,41.043279,-73.542962,0.99,rooftop,"256 Washington Blvd",,"Stamford, CT 06902",256,"Washington Blvd",,,Stamford,CT,"Western Connecticut Planning Region",06902,US,"City of Stamford",gcod_usnvx9p5dgsssqtaw73nsfplallea,building_centroid
"1260-1260 HOPE STREET ",STAMFORD,CT,41.100329,-73.517254,0.99,rooftop,"1260 Hope St",,"Stamford, CT 06907",1260,"Hope St",,,Stamford,CT,"Western Connecticut Planning Region",06907,US,"City of Stamford",gcod_usnfkq23mubsxdk39xne5q85y23aa,building_centroid
"3-9 BROWN AVENUE ",STAMFORD,CT,41.0467,-73.547211,1,rooftop,"39 Brown Ave",,"Stamford, CT 06902",39,"Brown Ave",,,Stamford,CT,"Western Connecticut Planning Region",06902,US,"City of Stamford",gcod_usn8zqguzswghjbg6enmt2h4peya2,building_centroid
"118-118 GROVE STREET #MAIN",STAMFORD,CT,41.058255,-73.534495,0.99,rooftop,"118 Grove St","# MAIN","Stamford, CT 06901",118,"Grove St",#,MAIN,Stamford,CT,"Western Connecticut Planning Region",06901,US,"City of Stamford",gcod_usnyw6nvzwp3dqcb6xbr5eeswbnl5-j9qfaq4dnjqx5,building_centroid
"154-154 COLD SPRING ROAD ",STAMFORD,CT,41.067492,-73.554461,0.99,rooftop,"154 Cold Spring Rd",,"Stamford, CT 06905",154,"Cold Spring Rd",,,Stamford,CT,"Western Connecticut Planning Region",06905,US,"City of Stamford",gcod_usnm2ddqvxs2a3yc5hwgvaf59xeah,building_centroid
"35-35 MEAD STREET",STAMFORD,CT,41.099086,-73.515772,0.99,rooftop,"35 Mead St",,"Stamford, CT 06907",35,"Mead St",,,Stamford,CT,"Western Connecticut Planning Region",06907,US,"City of Stamford",gcod_usn4xpkawcvkm58744wfve4qxdym2,building_centroid
"69-69 CLINTON AVENUE ",STAMFORD,CT,41.049965,-73.545035,0.99,rooftop,"69 Clinton Ave",,"Stamford, CT 06901",69,"Clinton Ave",,,Stamford,CT,"Western Connecticut Planning Region",06901,US,"City of Stamford",gcod_usn3gegbdlbcm5u9xceqhq6w49rwc,building_centroid
"146-146 COLD SPRING ROAD ",STAMFORD,CT,41.068414,-73.553925,1,rooftop,"146-146 Cold Spring Rd",,"Stamford, CT 06905",146-146,"Cold Spring Rd",,,Stamford,CT,"Western Connecticut Planning Region",06905,US,"Connecticut Geospatial Information Systems Council",gcod_usnm2ddqvxs2a3yc3mhbaq8697zwh,building_centroid
"162-162 COLONIAL ROAD ",STAMFORD,CT,41.070043,-73.532007,0.99,rooftop,"162 Colonial Rd",,"Stamford, CT 06906",162,"Colonial Rd",,,Stamford,CT,"Western Connecticut Planning Region",06906,US,"City of Stamford",gcod_usn8bhnwwt3w4a5h4k3489x9ewcr5,building_centroid
"24-24 EAST AVENUE",STAMFORD,CT,41.046576,-73.518636,1,rooftop,"24-24 East Ave",,"Stamford, CT 06902",24-24,"East Ave",,,Stamford,CT,"Western Connecticut Planning Region",06902,US,"Connecticut Geospatial Information Systems Council",gcod_usns76h8dsx3bc5ejk7hyqyuh6mw4,parcel_centroid
"15-15 COLUMBUS PLACE ",STAMFORD,CT,41.096789,-73.514392,1,rooftop,"15-15 Columbus Pl",,"Stamford, CT 06907",15-15,"Columbus Pl",,,Stamford,CT,"Western Connecticut Planning Region",06907,US,"Connecticut Geospatial Information Systems Council",gcod_usn2g5ngj4eyywghcu996whpw36sf,building_centroid
"96-96 COLUMBUS PLACE ",STAMFORD,CT,41.099483,-73.513496,1,rooftop,"96-96 Columbus Pl",,"Stamford, CT 06907",96-96,"Columbus Pl",,,Stamford,CT,"Western Connecticut Planning Region",06907,US,"Connecticut Geospatial Information Systems Council",gcod_usn2g5ngj4eyywghst5s8hzcj9sfe,building_centroid
"100-100 RESEARCH DRIVE ",STAMFORD,CT,41.077301,-73.520002,0.99,rooftop,"100 Research Dr",,"Stamford, CT 06906",100,"Research Dr",,,Stamford,CT,"Western Connecticut Planning Region",06906,US,"City of Stamford",gcod_usnpxzxex64qef6ghtjuh6jdtyuxc,building_centroid
"62-66 MAPLE TREE AVENUE ",STAMFORD,CT,41.071824,-73.513758,1,rooftop,"62 Maple Tree Ave",,"Stamford, CT 06906",62,"Maple Tree Ave",,,Stamford,CT,"Western Connecticut Planning Region",06906,US,"City of Stamford",gcod_usnlpm6xtnxdrsmel8gwkkm87z4z7,building_centroid
"13-27 COURT STREET ",STAMFORD,CT,41.060952,-73.544943,1,rooftop,"13-27 Court St",,"Stamford, CT 06902",13-27,"Court St",,,Stamford,CT,"Western Connecticut Planning Region",06902,US,"Connecticut Geospatial Information Systems Council",gcod_usnyj3kdhjqtd6ndljyjhjdw6adjd,building_centroid
"102-102 COURTLAND CIRCLE",STAMFORD,CT,41.056479,-73.512246,1,rooftop,"102-102 Courtland Cir",,"Stamford, CT 06902",102-102,"Courtland Cir",,,Stamford,CT,"Western Connecticut Planning Region",06902,US,"Connecticut Geospatial Information Systems Council",gcod_usn98znuqlmdwmg3kfhcwk6ju6zmf,building_centroid
"406-406 COURTLAND AVENUE",STAMFORD,CT,41.071461,-73.51764,1,rooftop,"406-406 Courtland Ave",,"Stamford, CT 06906",406-406,"Courtland Ave",,,Stamford,CT,"Western Connecticut Planning Region",06906,US,"Connecticut Geospatial Information Systems Council",gcod_usnzzfbegep32a49plscs6wr48vxe,building_centroid
"697-697 COVE ROAD ",STAMFORD,CT,41.048614,-73.51258,1,rooftop,"697-697 Cove Rd",,"Stamford, CT 06902",697-697,"Cove Rd",,,Stamford,CT,"Western Connecticut Planning Region",06902,US,"Connecticut Geospatial Information Systems Council",gcod_usnj2vkuspefctvetkj94h2zmtuy4,parcel_centroid
"0-0 COVE ROAD",STAMFORD,CT,41.049506,-73.520148,1,street_center,"Cove Rd",,"Stamford, CT 06902",,"Cove Rd",,,Stamford,CT,"Western Connecticut Planning Region",06902,US,"TIGER/Line® dataset from the US Census Bureau",gcod_ussj2vkuspefctve,
"34-34 CRESCENT STREET ",STAMFORD,CT,41.070565,-73.518644,0.99,rooftop,"34 Crescent St",,"Stamford, CT 06906",34,"Crescent St",,,Stamford,CT,"Western Connecticut Planning Region",06906,US,"City of Stamford",gcod_usnjfp8jlrx8z9j6vvnty8mr32qh9,building_centroid
"43-43 CRESCENT STREET ",STAMFORD,CT,41.069756,-73.518304,0.99,rooftop,"43 Crescent St",,"Stamford, CT 06906",43,"Crescent St",,,Stamford,CT,"Western Connecticut Planning Region",06906,US,"City of Stamford",gcod_usnjfp8jlrx8z9j67uespzsms6lw3,building_centroid
"30-30 GLENBROOK ROAD ",STAMFORD,CT,41.056483,-73.530063,0.99,rooftop,"30 Glenbrook Rd",,"Stamford, CT 06902",30,"Glenbrook Rd",,,Stamford,CT,"Western Connecticut Planning Region",06902,US,"City of Stamford",gcod_usnqrk9rbqbd8lve647y98gmk8fx6,building_centroid
"48-48 DORA STREET",STAMFORD,CT,41.050642,-73.508333,1,rooftop,"48-48 Dora St",,"Stamford, CT 06902",48-48,"Dora St",,,Stamford,CT,"Western Connecticut Planning Region",06902,US,"Connecticut Geospatial Information Systems Council",gcod_usnp6mlbbxmxfp63lnd2g8mgg76k7,building_centroid
"71-73 DORA STREET",STAMFORD,CT,41.051468,-73.507566,0.99,rooftop,"71 Dora St",,"Stamford, CT 06902",71,"Dora St",,,Stamford,CT,"Western Connecticut Planning Region",06902,US,"City of Stamford",gcod_usnp6mlbbxmxfp63cqlblsfgd5735,building_centroid
"422-422 COURTLAND AVENUE",STAMFORD,CT,41.072003,-73.517908,1,rooftop,"422-422 Courtland Ave",,"Stamford, CT 06906",422-422,"Courtland Ave",,,Stamford,CT,"Western Connecticut Planning Region",06906,US,"Connecticut Geospatial Information Systems Council",gcod_usnzzfbegep32a49qhed3q29qnrdg,building_centroid
"12-12 DRYDEN STREET",STAMFORD,CT,41.049299,-73.556655,1,rooftop,"12-12 Dryden St",,"Stamford, CT 06902",12-12,"Dryden St",,,Stamford,CT,"Western Connecticut Planning Region",06902,US,"Connecticut Geospatial Information Systems Council",gcod_usnux6sbm6nm4qwbj97rag92gxngc,building_centroid
"7-7 FOURTH STREET",STAMFORD,CT,41.064361,-73.544921,0.85,rooftop,"7 4th St",,"Stamford, CT 06905",7,"4th St",,,Stamford,CT,"Western Connecticut Planning Region",06905,US,"City of Stamford",gcod_usn5fgynzqgmxlf2ty9r7gtln49s3,building_centroid
"55-55 WOODLAND PLACE",STAMFORD,CT,41.041224,-73.536054,0.99,rooftop,"55 Woodland Pl",,"Stamford, CT 06902",55,"Woodland Pl",,,Stamford,CT,"Western Connecticut Planning Region",06902,US,"City of Stamford",gcod_usnfgcfd39rykhu6redygkjxv4cmc,building_centroid
"20-20 NORTH STREET",STAMFORD,CT,41.05951,-73.546206,1,rooftop,"20-20 North St",,"Stamford, CT 06902",20-20,"North St",,,Stamford,CT,"Western Connecticut Planning Region",06902,US,"Connecticut Geospatial Information Systems Council",gcod_usnbsvcnnmtgsabggu36caa4y3y24,building_centroid
"58-58 LIBERTY STREET",STAMFORD,CT,41.050043,-73.554323,0.99,rooftop,"58 Liberty St",,"Stamford, CT 06902",58,"Liberty St",,,Stamford,CT,"Western Connecticut Planning Region",06902,US,"City of Stamford",gcod_usnvsrtqmrdp5mkcea2tc4saxpa36,building_centroid
"11-11 FINNEY LANE",STAMFORD,CT,41.050708,-73.552635,1,rooftop,"11-11 Finney Ln",,"Stamford, CT 06902",11-11,"Finney Ln",,,Stamford,CT,"Western Connecticut Planning Region",06902,US,"Connecticut Geospatial Information Systems Council",gcod_usn84r7h2yluead673ta9xha7t7hf,building_centroid
"36-36 FINNEY LANE",STAMFORD,CT,41.051615,-73.553104,0.99,rooftop,"36 Finney Ln",,"Stamford, CT 06902",36,"Finney Ln",,,Stamford,CT,"Western Connecticut Planning Region",06902,US,"City of Stamford",gcod_usn84r7h2yluead6qkzgagu69mct7,building_centroid
"151-151 GREENWICH AVENUE",STAMFORD,CT,41.044886,-73.548322,1,rooftop,"151 Greenwich Ave",,"Stamford, CT 06902",151,"Greenwich Ave",,,Stamford,CT,"Western Connecticut Planning Region",06902,US,"City of Stamford",gcod_usnyd6a59b34xks3nat3qvuutndcc,building_centroid
"149-149 MYRTLE AVENUE",STAMFORD,CT,41.051436,-73.527468,0.99,rooftop,"149 Myrtle Ave",,"Stamford, CT 06902",149,"Myrtle Ave",,,Stamford,CT,"Western Connecticut Planning Region",06902,US,"City of Stamford",gcod_usn7ykrfcpkdx45e9nfk5drcluxh5,building_centroid
"100-166 FOREST STREET",STAMFORD,CT,41.056769,-73.533518,1,rooftop,"100 Forest St",,"Stamford, CT 06901",100,"Forest St",,,Stamford,CT,"Western Connecticut Planning Region",06901,US,"City of Stamford",gcod_usnb274rsjhswc4dru2ghsrt8m296,building_centroid
"40-40 HOYT STREET",STAMFORD,CT,41.061256,-73.539178,1,rooftop,"40-40 Hoyt St",,"Stamford, CT 06905",40-40,"Hoyt St",,,Stamford,CT,"Western Connecticut Planning Region",06905,US,"Connecticut Geospatial Information Systems Council",gcod_usnewunawf6335f2x55dhkpgfljqc,building_centroid
"71-91 STRAWBERRY HILL AVENUE ",STAMFORD,CT,41.063039,-73.532284,0.99,rooftop,"71 Strawberry Hill Ave",,"Stamford, CT 06902",71,"Strawberry Hill Ave",,,Stamford,CT,"Western Connecticut Planning Region",06902,US,"City of Stamford",gcod_usnte84mnkbs247et9f3pj5evhdfa,building_centroid
"85-85 FRANKLIN STREET",STAMFORD,CT,41.058314,-73.541315,1,rooftop,"85-85 Franklin St",,"Stamford, CT 06901",85-85,"Franklin St",,,Stamford,CT,"Western Connecticut Planning Region",06901,US,"Connecticut Geospatial Information Systems Council",gcod_usng3lhahfuwy6r5zpk8ddrncm6l2,building_centroid
"20-20 MAPLE TREE AVENUE",STAMFORD,CT,41.071475,-73.51546,0.99,rooftop,"20 Maple Tree Ave",,"Stamford, CT 06906",20,"Maple Tree Ave",,,Stamford,CT,"Western Connecticut Planning Region",06906,US,"City of Stamford",gcod_usnlpm6xtnxdrsme6nx93q95ggnl2,building_centroid
"431-431 GLENBROOK ROAD",STAMFORD,CT,41.067954,-73.520461,0.99,rooftop,"431 Glenbrook Rd",,"Stamford, CT 06906",431,"Glenbrook Rd",,,Stamford,CT,"Western Connecticut Planning Region",06906,US,"City of Stamford",gcod_usnta7zqter5yv9ft67ampwrj76cc,building_centroid
"440-446 COURTLAND AVENUE",STAMFORD,CT,41.072555,-73.5182,1,rooftop,"440 Courtland Ave",,"Stamford, CT 06906",440,"Courtland Ave",,,Stamford,CT,"Western Connecticut Planning Region",06906,US,"City of Stamford",gcod_usnzzfbegep32a49lul47wvbvprjh,building_centroid
"377-377 GLENBROOK ROAD",STAMFORD,CT,41.066446,-73.521332,1,rooftop,"377-377 Glenbrook Rd",,"Stamford, CT 06906",377-377,"Glenbrook Rd",,,Stamford,CT,"Western Connecticut Planning Region",06906,US,"Connecticut Geospatial Information Systems Council",gcod_usnta7zqter5yv9f2antwwxrf98re,parcel_centroid
"291-291 HOPE STREET",STAMFORD,CT,41.06999,-73.52499,0.99,rooftop,"291 Hope St",,"Stamford, CT 06906",291,"Hope St",,,Stamford,CT,"Western Connecticut Planning Region",06906,US,"City of Stamford",gcod_usnbl6a8pggekw47p6kg5ysbhm7u5,building_centroid
"93-93 GLENBROOK ROAD",STAMFORD,CT,41.058385,-73.52801,1,rooftop,"93-93 Glenbrook Rd",,"Stamford, CT 06902",93-93,"Glenbrook Rd",,,Stamford,CT,"Western Connecticut Planning Region",06902,US,"Connecticut Geospatial Information Systems Council",gcod_usnqrk9rbqbd8lvemstp289eb2wu3,building_centroid
"87-87 GLENBROOK ROAD",STAMFORD,CT,41.058143,-73.527965,1,rooftop,"87-87 Glenbrook Rd",,"Stamford, CT 06902",87-87,"Glenbrook Rd",,,Stamford,CT,"Western Connecticut Planning Region",06902,US,"Connecticut Geospatial Information Systems Council",gcod_usnqrk9rbqbd8lvesxkffaqeftgl4,parcel_centroid
"180-180 GLENBROOK ROAD",STAMFORD,CT,41.06069,-73.527456,0.99,rooftop,"180 Glenbrook Rd",,"Stamford, CT 06902",180,"Glenbrook Rd",,,Stamford,CT,"Western Connecticut Planning Region",06902,US,"City of Stamford",gcod_usnqrk9rbqbd8lve2u8jde7mx7fq4,building_centroid
"32-34 GOODWIN STREET",STAMFORD,CT,41.069783,-73.522258,1,rooftop,"32-34 Goodwin St",,"Stamford, CT 06906",32-34,"Goodwin St",,,Stamford,CT,"Western Connecticut Planning Region",06906,US,"Connecticut Geospatial Information Systems Council",gcod_usnp8q7tl3p2pkk5yulp6qzq2x3sb,parcel_centroid
"42-42 HIGHLAND ROAD",STAMFORD,CT,41.057945,-73.53203,0.99,rooftop,"42 Highland Rd",,"Stamford, CT 06902",42,"Highland Rd",,,Stamford,CT,"Western Connecticut Planning Region",06902,US,"City of Stamford",gcod_usnsqupsmw5k5av7c7eqr48y6zy65,building_centroid
"35-35 MAPLE TREE AVENUE",STAMFORD,CT,41.07132,-73.514728,0.99,rooftop,"35 Maple Tree Ave",,"Stamford, CT 06906",35,"Maple Tree Ave",,,Stamford,CT,"Western Connecticut Planning Region",06906,US,"City of Stamford",gcod_usnlpm6xtnxdrsmeaytx24g4h6xe7,building_centroid
"60-60 LAWN AVENUE",STAMFORD,CT,41.05837,-73.519248,1,rooftop,"60-60 Lawn Ave",,"Stamford, CT 06902",60-60,"Lawn Ave",,,Stamford,CT,"Western Connecticut Planning Region",06902,US,"Connecticut Geospatial Information Systems Council",gcod_usn4ymee33fq6thdrkvvje4pk8crh,building_centroid
"24-28 GREGORY STREET",STAMFORD,CT,41.053834,-73.523659,1,rooftop,"24-28 Gregory St",,"Stamford, CT 06902",24-28,"Gregory St",,,Stamford,CT,"Western Connecticut Planning Region",06902,US,"Connecticut Geospatial Information Systems Council",gcod_usnf7sk5bvkfq267nkr5t5jhqqwkc,parcel_centroid
"37-43 HARBOR DRIVE",STAMFORD,CT,41.039288,-73.538641,0.85,rooftop,"43 Harbor St",,"Stamford, CT 06902",43,"Harbor St",,,Stamford,CT,"Western Connecticut Planning Region",06902,US,"City of Stamford",gcod_usn2sp3924rgydt6m6wp9zw8jnuad,building_centroid
"22-66 LINDSTROM ROAD",STAMFORD,CT,41.038649,-73.528433,1,rooftop,"22 Lindstrom Rd",,"Stamford, CT 06902",22,"Lindstrom Rd",,,Stamford,CT,"Western Connecticut Planning Region",06902,US,"City of Stamford",gcod_usnqgehhbkskxqv7rlam8sjbkmyd9,building_centroid
"44-44 STRAWBERRY HILL AVENUE",STAMFORD,CT,41.061481,-73.53409,0.99,rooftop,"44 Strawberry Hill Ave",,"Stamford, CT 06902",44,"Strawberry Hill Ave",,,Stamford,CT,"Western Connecticut Planning Region",06902,US,"City of Stamford",gcod_usnte84mnkbs247etjlu4zfa74llf,building_centroid
"0-119 BARNES ROAD",STAMFORD,CT,41.095775,-73.558679,0.85,rooftop,"119 Barnes Rd",,"Stamford, CT 06902",119,"Barnes Rd",,,Stamford,CT,"Western Connecticut Planning Region",06902,US,"City of Stamford",gcod_usns2ewrdcbhbmxe8baw4q7v55dp5,building_centroid
"409-409 HOPE STREET",STAMFORD,CT,41.073695,-73.522946,1,rooftop,"409-409 Hope St",,"Stamford, CT 06906",409-409,"Hope St",,,Stamford,CT,"Western Connecticut Planning Region",06906,US,"Connecticut Geospatial Information Systems Council",gcod_usnbl6a8pggekw47j3tepvt3zgpea,building_centroid
"0 TACONIC ROAD",STAMFORD,CT,41.090459,-73.622249,0.84,street_center,"Taconic Rd",,"Greenwich, CT 06831",,"Taconic Rd",,,Greenwich,CT,"Western Connecticut Planning Region",06831,US,"TIGER/Line® dataset from the US Census Bureau",gcod_usslqs9r3h2aaar8,
"59  COURTLAND AVENUE",STAMFORD,CT,41.060701,-73.51361,1,rooftop,"59 Courtland Ave",,"Stamford, CT 06902",59,"Courtland Ave",,,Stamford,CT,"Western Connecticut Planning Region",06902,US,"City of Stamford",gcod_usn4tkn9nm53kxl9gw9sdwftfb36d,building_centroid
"59  COURTLAND AVENUE",STAMFORD,CT,41.060701,-73.51361,1,rooftop,"59 Courtland Ave",,"Stamford, CT 06902",59,"Courtland Ave",,,Stamford,CT,"Western Connecticut Planning Region",06902,US,"City of Stamford",gcod_usn4tkn9nm53kxl9gw9sdwftfb36d,building_centroid
"26 MANOR STREET",STAMFORD,CT,41.039864,-73.540085,1,rooftop,"26 Manor St",,"Stamford, CT 06902",26,"Manor St",,,Stamford,CT,"Western Connecticut Planning Region",06902,US,"City of Stamford",gcod_usnrxgx3wfg6ws4feyxuyggzsnxvb,building_centroid
"21 RUGBY STREET",STAMFORD,CT,41.038263,-73.539475,1,rooftop,"21 Rugby St",,"Stamford, CT 06902",21,"Rugby St",,,Stamford,CT,"Western Connecticut Planning Region",06902,US,"City of Stamford",gcod_usnvwpkzys7rkvb66p754w9d36uxb,building_centroid
"84 VIRGIL STREET ",STAMFORD,CT,41.051086,-73.555816,1,rooftop,"84 Virgil St",,"Stamford, CT 06902",84,"Virgil St",,,Stamford,CT,"Western Connecticut Planning Region",06902,US,"City of Stamford",gcod_usnukjbbw2xphab84gac6k9m9r4yb,building_centroid
"37 LIBERTY STREET",STAMFORD,CT,41.049434,-73.554084,1,rooftop,"37 Liberty St",,"Stamford, CT 06902",37,"Liberty St",,,Stamford,CT,"Western Connecticut Planning Region",06902,US,"City of Stamford",gcod_usnvsrtqmrdp5mkc6d8k7xb7wadke,building_centroid
"349 WEST AVENUE",STAMFORD,CT,41.041642,-73.559541,1,rooftop,"349 West Ave",,"Stamford, CT 06902",349,"West Ave",,,Stamford,CT,"Western Connecticut Planning Region",06902,US,"City of Stamford",gcod_usnkkg6732v69cpg923rcl3w49azc,building_centroid
"226 LUDLOW STREET",STAMFORD,CT,41.042843,-73.53364,1,rooftop,"226 Ludlow St",,"Stamford, CT 06902",226,"Ludlow St",,,Stamford,CT,"Western Connecticut Planning Region",06902,US,"City of Stamford",gcod_usnlrqrb8m7y3ly2zk5wc7mwqyma5,building_centroid
"48 NELSON STREET ",STAMFORD,CT,41.037833,-73.528892,1,rooftop,"48 Nelson St",,"Stamford, CT 06902",48,"Nelson St",,,Stamford,CT,"Western Connecticut Planning Region",06902,US,"City of Stamford",gcod_usn59e97tedlpr69shhwpu3crvytg,building_centroid
"100 STRAWBERRY HILL AVENUE ",STAMFORD,CT,41.063818,-73.53384,1,rooftop,"100 Strawberry Hill Ave",,"Stamford, CT 06902",100,"Strawberry Hill Ave",,,Stamford,CT,"Western Connecticut Planning Region",06902,US,"City of Stamford",gcod_usnte84mnkbs247eulsp7dxw2pat3,building_centroid
"38 RIVER OAKS DRIVE",STAMFORD,CT,41.094538,-73.5574,1,rooftop,"38 River Oaks Dr",,"Stamford, CT 06902",38,"River Oaks Dr",,,Stamford,CT,"Western Connecticut Planning Region",06902,US,"City of Stamford",gcod_usnqytmeqcadh977ypasxalr4qlrg,building_centroid
"71 DEAN STREET ",STAMFORD,CT,41.046397,-73.508689,1,rooftop,"71 Dean St",,"Stamford, CT 06902",71,"Dean St",,,Stamford,CT,"Western Connecticut Planning Region",06902,US,"City of Stamford",gcod_usn4ly2dnjne6av3m6tv2vzfb8az9,building_centroid
"117 WATERBURY AVENUE",STAMFORD,CT,41.056394,-73.506683,1,rooftop,"117 Waterbury Ave",,"Stamford, CT 06902",117,"Waterbury Ave",,,Stamford,CT,"Western Connecticut Planning Region",06902,US,"City of Stamford",gcod_usnmyn64zzx86a8fwmbkllzkagcfd,building_centroid
"64 PLYMOUTH ROAD ",STAMFORD,CT,41.069152,-73.529579,1,rooftop,"64 Plymouth Rd",,"Stamford, CT 06906",64,"Plymouth Rd",,,Stamford,CT,"Western Connecticut Planning Region",06906,US,"City of Stamford",gcod_usnlwrhnnl4rghhbbggp6td95fqrf,building_centroid
"199 DOLPHIN COVE QUAY",STAMFORD,CT,41.02523,-73.548484,1,rooftop,"199 Dolphin Cove Quay",,"Stamford, CT 06902",199,"Dolphin Cove Quay",,,Stamford,CT,"Western Connecticut Planning Region",06902,US,"City of Stamford",gcod_usnmgphxysnxnm7hpehwu7yh9v3lb,building_centroid
"2187 ATLANTIC STREET ",STAMFORD,CT,41.041887,-73.543397,1,rooftop,"2187 Atlantic St",,"Stamford, CT 06902",2187,"Atlantic St",,,Stamford,CT,"Western Connecticut Planning Region",06902,US,"City of Stamford",gcod_usn9rjug5jqvp9d8acfqk2k7wslsb,building_centroid
"20 PARAGON LANE",STAMFORD,CT,41.069498,-73.55238,1,rooftop,"20 Paragon Ln",,"Stamford, CT 06905",20,"Paragon Ln",,,Stamford,CT,"Western Connecticut Planning Region",06905,US,"City of Stamford",gcod_usnzz4nejzam7z64s6xefqfjf5v6h,building_centroid
"62 LOCKWOOD AVENUE",STAMFORD,CT,41.05387,-73.521164,1,rooftop,"62 Lockwood Ave",,"Stamford, CT 06902",62,"Lockwood Ave",,,Stamford,CT,"Western Connecticut Planning Region",06902,US,"City of Stamford",gcod_usnjnsvcabu288cgn6xw3ps7rxxm6,building_centroid
"48 MIANUS ROAD",STAMFORD,CT,41.072522,-73.575815,1,rooftop,"48 Mianus Rd",,"Stamford, CT 06902",48,"Mianus Rd",,,Stamford,CT,"Western Connecticut Planning Region",06902,US,"City of Stamford",gcod_usneqme2sk972x3d7m6n79amfneqa,building_centroid
"58 LIBERTY STREET",STAMFORD,CT,41.050043,-73.554323,1,rooftop,"58 Liberty St",,"Stamford, CT 06902",58,"Liberty St",,,Stamford,CT,"Western Connecticut Planning Region",06902,US,"City of Stamford",gcod_usnvsrtqmrdp5mkcea2tc4saxpa36,building_centroid
"26 GREGORY STREET",STAMFORD,CT,41.053789,-73.523669,1,rooftop,"26 Gregory St",,"Stamford, CT 06902",26,"Gregory St",,,Stamford,CT,"Western Connecticut Planning Region",06902,US,"City of Stamford",gcod_usnf7sk5bvkfq267558bpttqv6rzh,building_centroid
"4 LONG RIDGE ROAD ",STAMFORD,CT,41.071559,-73.549638,1,rooftop,"4 Long Ridge Rd",,"Stamford, CT 06905",4,"Long Ridge Rd",,,Stamford,CT,"Western Connecticut Planning Region",06905,US,"City of Stamford",gcod_usnu7yzjhs5mh4xc8tz7a2h9kp6ed,building_centroid
"31 OENOKE PLACE",STAMFORD,CT,41.098456,-73.51676,1,rooftop,"31 Oenoke Pl",,"Stamford, CT 06907",31,"Oenoke Pl",,,Stamford,CT,"Western Connecticut Planning Region",06907,US,"City of Stamford",gcod_usn9ycqj8dve4asf3q24c27j28jj7,building_centroid
"60 STRAWBERRY HILL AVENUE",STAMFORD,CT,41.062374,-73.533541,1,rooftop,"60 Strawberry Hill Ave",,"Stamford, CT 06902",60,"Strawberry Hill Ave",,,Stamford,CT,"Western Connecticut Planning Region",06902,US,"City of Stamford",gcod_usnte84mnkbs247ek43kzayzug2a9,building_centroid
"60 STRAWBERRY HILL AVENUE",STAMFORD,CT,41.062374,-73.533541,1,rooftop,"60 Strawberry Hill Ave",,"Stamford, CT 06902",60,"Strawberry Hill Ave",,,Stamford,CT,"Western Connecticut Planning Region",06902,US,"City of Stamford",gcod_usnte84mnkbs247ek43kzayzug2a9,building_centroid
"80 WEST AVENUE ",STAMFORD,CT,41.050837,-73.557402,1,rooftop,"80 West Ave",,"Stamford, CT 06902",80,"West Ave",,,Stamford,CT,"Western Connecticut Planning Region",06902,US,"City of Stamford",gcod_usnkkg6732v69cpge5bep5ra9akuc,building_centroid
"256 WASHINGTON BOULEVARD ",STAMFORD,CT,41.043279,-73.542962,1,rooftop,"256 Washington Blvd",,"Stamford, CT 06902",256,"Washington Blvd",,,Stamford,CT,"Western Connecticut Planning Region",06902,US,"City of Stamford",gcod_usnvx9p5dgsssqtaw73nsfplallea,building_centroid
"0 SOUTHFIELD AVENUE",STAMFORD,CT,41.032673,-73.54783,1,street_center,"Southfield Ave",,"Stamford, CT 06902",,"Southfield Ave",,,Stamford,CT,"Western Connecticut Planning Region",06902,US,"TIGER/Line® dataset from the US Census Bureau",gcod_uss9rvkb5jqlhl7g,
"0 SOUTHFIELD AVENUE",STAMFORD,CT,41.032673,-73.54783,1,street_center,"Southfield Ave",,"Stamford, CT 06902",,"Southfield Ave",,,Stamford,CT,"Western Connecticut Planning Region",06902,US,"TIGER/Line® dataset from the US Census Bureau",gcod_uss9rvkb5jqlhl7g,
"0 SOUTHFIELD AVENUE",STAMFORD,CT,41.032673,-73.54783,1,street_center,"Southfield Ave",,"Stamford, CT 06902",,"Southfield Ave",,,Stamford,CT,"Western Connecticut Planning Region",06902,US,"TIGER/Line® dataset from the US Census Bureau",gcod_uss9rvkb5jqlhl7g,
"0 SOUTHFIELD AVENUE",STAMFORD,CT,41.032673,-73.54783,1,street_center,"Southfield Ave",,"Stamford, CT 06902",,"Southfield Ave",,,Stamford,CT,"Western Connecticut Planning Region",06902,US,"TIGER/Line® dataset from the US Census Bureau",gcod_uss9rvkb5jqlhl7g,
"45 SOUNDVIEW AVENUE",STAMFORD,CT,41.047701,-73.52107,1,rooftop,"45 Soundview Ave",,"Stamford, CT 06902",45,"Soundview Ave",,,Stamford,CT,"Western Connecticut Planning Region",06902,US,"City of Stamford",gcod_usnrwlbcvx25jmu7hlxjrwxlyl3sc,building_centroid
"0 HOPE STREET",STAMFORD,CT,41.077199,-73.522736,1,street_center,"Hope St",,"Stamford, CT 06906",,"Hope St",,,Stamford,CT,"Western Connecticut Planning Region",06906,US,"TIGER/Line® dataset from the US Census Bureau",gcod_ussbl6a8pggekw47,
"17 PINE HILL AVENUE ",STAMFORD,CT,41.071905,-73.524799,1,rooftop,"17 Pine Hill Ave",,"Stamford, CT 06906",17,"Pine Hill Ave",,,Stamford,CT,"Western Connecticut Planning Region",06906,US,"City of Stamford",gcod_usnl269s6r53lvl5xvj4bazpqcech,building_centroid
"444 BEDFORD STREET",STAMFORD,CT,41.058154,-73.538335,1,rooftop,"444 Bedford St",,"Stamford, CT 06901",444,"Bedford St",,,Stamford,CT,"Western Connecticut Planning Region",06901,US,"City of Stamford",gcod_usn93nhags26h7xbynzxqtnlplwm2,building_centroid
"29 VIRGIL STREET ",STAMFORD,CT,41.049259,-73.555575,1,rooftop,"29 Virgil St",,"Stamford, CT 06902",29,"Virgil St",,,Stamford,CT,"Western Connecticut Planning Region",06902,US,"City of Stamford",gcod_usnukjbbw2xphab82pr5rl7n7mtch,building_centroid
"44 PLEASANT STREET",STAMFORD,CT,41.055933,-73.532203,1,rooftop,"44 Pleasant St",,"Stamford, CT 06901",44,"Pleasant St",,,Stamford,CT,"Western Connecticut Planning Region",06901,US,"City of Stamford",gcod_usnzzyq8uwa6cdh827ae56lc26663,building_centroid
"44 COLUMBUS PLACE",STAMFORD,CT,41.097744,-73.514426,1,rooftop,"44 Columbus Pl",,"Stamford, CT 06907",44,"Columbus Pl",,,Stamford,CT,"Western Connecticut Planning Region",06907,US,"City of Stamford",gcod_usn2g5ngj4eyywghhvpan7pvbw592,building_centroid
"910 HOPE STREET",STAMFORD,CT,41.089931,-73.518081,1,rooftop,"910 Hope St",,"Stamford, CT 06907",910,"Hope St",,,Stamford,CT,"Western Connecticut Planning Region",06907,US,"City of Stamford",gcod_usnfkq23mubsxdk3ewvf9j7b4jvmd,building_centroid
"10 HARBOR STREET",STAMFORD,CT,41.039043,-73.54029,1,rooftop,"10 Harbor St",,"Stamford, CT 06902",10,"Harbor St",,,Stamford,CT,"Western Connecticut Planning Region",06902,US,"City of Stamford",gcod_usn2sp3924rgydt68nllwdr5yvr74,building_centroid
"47 WALLACKS LANE ",STAMFORD,CT,41.044365,-73.507315,1,rooftop,"47 Wallacks Ln",,"Stamford, CT 06902",47,"Wallacks Ln",,,Stamford,CT,"Western Connecticut Planning Region",06902,US,"City of Stamford",gcod_usnwx4bvsmycddthmjyh27mgwqda4,building_centroid
"201 HIGHVIEW AVENUE",STAMFORD,CT,41.101891,-73.513101,1,rooftop,"201 Highview Ave",,"Stamford, CT 06907",201,"Highview Ave",,,Stamford,CT,"Western Connecticut Planning Region",06907,US,"City of Stamford",gcod_usnftw54ttqqabzdagdx479k8vkk8,building_centroid
"144 COVE ROAD ",STAMFORD,CT,41.049348,-73.521828,1,rooftop,"144 Cove Rd",,"Stamford, CT 06902",144,"Cove Rd",,,Stamford,CT,"Western Connecticut Planning Region",06902,US,"City of Stamford",gcod_usnj2vkuspefctvefz7ed4vwcyt28,building_centroid
"998 COVE ROAD ",STAMFORD,CT,41.049121,-73.507243,1,rooftop,"998 Cove Rd",,"Stamford, CT 06902",998,"Cove Rd",,,Stamford,CT,"Western Connecticut Planning Region",06902,US,"City of Stamford",gcod_usnj2vkuspefctvelx7c84c8f2kh9,building_centroid
"850 EAST MAIN STREET #420",STAMFORD,CT,41.055644,-73.526581,1,rooftop,"850 E Main St","Apt 420","Stamford, CT 06902",850,"E Main St",Apt,420,Stamford,CT,"Western Connecticut Planning Region",06902,US,"City of Stamford",gcod_usntvhz3k7qw38eh8w8lcrce5un23-bed6kte2l92ug,building_centroid
"850 EAST MAIN STREET #305",STAMFORD,CT,41.055644,-73.526581,1,rooftop,"850 E Main St","Apt 305","Stamford, CT 06902",850,"E Main St",Apt,305,Stamford,CT,"Western Connecticut Planning Region",06902,US,"City of Stamford",gcod_usntvhz3k7qw38eh8w8lcrce5un23-k667svhbqvz2a,building_centroid
"850 EAST MAIN STREET #302",STAMFORD,CT,41.055644,-73.526581,1,rooftop,"850 E Main St","Apt 302","Stamford, CT 06902",850,"E Main St",Apt,302,Stamford,CT,"Western Connecticut Planning Region",06902,US,"City of Stamford",gcod_usntvhz3k7qw38eh8w8lcrce5un23-q8zr3mvbpgj3a,building_centroid
"850 EAST MAIN STREET #301",STAMFORD,CT,41.055644,-73.526581,1,rooftop,"850 E Main St","Apt 301","Stamford, CT 06902",850,"E Main St",Apt,301,Stamford,CT,"Western Connecticut Planning Region",06902,US,"City of Stamford",gcod_usntvhz3k7qw38eh8w8lcrce5un23-cnszaaabnqang,building_centroid
"29 HAVEMEYER LANE",STAMFORD,CT,41.051053,-73.566241,0.99,rooftop,"29 Havemeyer Ln",,"Old Greenwich, CT 06870",29,"Havemeyer Ln",,,"Old Greenwich",CT,"Western Connecticut Planning Region",06870,US,"City of Stamford",gcod_usnyaxfbs3r4y7p59pjr4lkbxt9a5,building_centroid
"29 HAVEMEYER LANE",STAMFORD,CT,41.051053,-73.566241,0.99,rooftop,"29 Havemeyer Ln",,"Old Greenwich, CT 06870",29,"Havemeyer Ln",,,"Old Greenwich",CT,"Western Connecticut Planning Region",06870,US,"City of Stamford",gcod_usnyaxfbs3r4y7p59pjr4lkbxt9a5,building_centroid
"92 SHIPPAN AVENUE",STAMFORD,CT,41.049624,-73.523697,1,rooftop,"92 Shippan Ave",,"Stamford, CT 06902",92,"Shippan Ave",,,Stamford,CT,"Western Connecticut Planning Region",06902,US,"City of Stamford",gcod_usn79qs6gl8nng5e2hhyednmhcesa,building_centroid
"1 GIVENS AVENUE ",STAMFORD,CT,41.04946,-73.514644,1,rooftop,"1 Givens Ave",,"Stamford, CT 06902",1,"Givens Ave",,,Stamford,CT,"Western Connecticut Planning Region",06902,US,"City of Stamford",gcod_usntpy7hlgk29dlhnrq7l9g26b3uh,building_centroid
"LOT B SUNNYSIDE AVENUE",STAMFORD,CT,41.037668,-73.54839,1,street_center,"Sunnyside Ave",,"Stamford, CT 06902",,"Sunnyside Ave",,,Stamford,CT,"Western Connecticut Planning Region",06902,US,"TIGER/Line® dataset from the US Census Bureau",gcod_usscgm45tv4xk8a4,
"695  EAST MAIN STREET ",STAMFORD,CT,41.053838,-73.53127,1,rooftop,"695 E Main St",,"Stamford, CT 06901",695,"E Main St",,,Stamford,CT,"Western Connecticut Planning Region",06901,US,"City of Stamford",gcod_usnpb6s6n62belc5dsxzk4evw45ma,building_centroid
"33  POPLAR STREET  #2",STAMFORD,CT,41.078909,-73.518609,1,rooftop,"33 Poplar St","# 2","Stamford, CT 06907",33,"Poplar St",#,2,Stamford,CT,"Western Connecticut Planning Region",06907,US,"City of Stamford",gcod_usnv6b3dn53mddt3vzd5ffaa4b2wb-dpktfvmjpche3,building_centroid
"33 POPLAR STREET #1",STAMFORD,CT,41.078909,-73.518609,1,rooftop,"33 Poplar St","# 1","Stamford, CT 06907",33,"Poplar St",#,1,Stamford,CT,"Western Connecticut Planning Region",06907,US,"City of Stamford",gcod_usnv6b3dn53mddt3vzd5ffaa4b2wb-6mkpstf3nc9gh,building_centroid
"48 CIDER MILL ROAD",STAMFORD,CT,41.132,-73.588278,1,rooftop,"48 Cider Mill Rd",,"Stamford, CT 06903",48,"Cider Mill Rd",,,Stamford,CT,"Western Connecticut Planning Region",06903,US,"City of Stamford",gcod_usnbjtzk9yjm7lrdh6wb99plky2sg,building_centroid
"112 NORTHWIND DRIVE",STAMFORD,CT,41.144553,-73.553054,1,rooftop,"112 Northwind Dr",,"Stamford, CT 06903",112,"Northwind Dr",,,Stamford,CT,"Western Connecticut Planning Region",06903,US,"City of Stamford",gcod_usnlwlk2sz4gxc78anewhmhfwmt4e,building_centroid
"216 EAST MIDDLE PATENT ROAD ",STAMFORD,CT,41.141473,-73.625764,0.84,rooftop,"216 E Middle Patent Rd",,"Greenwich, CT 06831",216,"E Middle Patent Rd",,,Greenwich,CT,"Western Connecticut Planning Region",06831,US,"City of Stamford",gcod_usn2jxtuw6a7fz5djhvuzavbepvp4,building_centroid
"0 HOWARD ROAD",STAMFORD,CT,41.115763,-73.612254,1,street_center,"Howard Rd",,"Stamford, CT 06903",,"Howard Rd",,,Stamford,CT,"Western Connecticut Planning Region",06903,US,"TIGER/Line® dataset from the US Census Bureau",gcod_usszyk7bh8bhkmxh,
"15 CRAIG COURT ",STAMFORD,CT,41.175326,-73.563078,1,rooftop,"15 Craig Ct",,"Stamford, CT 06903",15,"Craig Ct",,,Stamford,CT,"Western Connecticut Planning Region",06903,US,"City of Stamford",gcod_usngjwrnxkgz9cgh7t4kyzqhb8wqd,building_centroid
"149 SEASIDE AVENUE ",STAMFORD,CT,41.053895,-73.509858,1,rooftop,"149 Seaside Ave",,"Stamford, CT 06902",149,"Seaside Ave",,,Stamford,CT,"Western Connecticut Planning Region",06902,US,"City of Stamford",gcod_usnycqcgtwkxlajb4aadxyqfy4uz5,building_centroid
"60 HORTON STREET",STAMFORD,CT,41.046657,-73.510432,1,rooftop,"60 Horton St",,"Stamford, CT 06902",60,"Horton St",,,Stamford,CT,"Western Connecticut Planning Region",06902,US,"City of Stamford",gcod_usnruaxh33tqa5x2qt6ldupuksfya,building_centroid
"140 WARDWELL STREET",STAMFORD,CT,41.047746,-73.522952,1,rooftop,"140 Wardwell St",,"Stamford, CT 06902",140,"Wardwell St",,,Stamford,CT,"Western Connecticut Planning Region",06902,US,"City of Stamford",gcod_usnznxfxstds6k2alcy68xvvxvef9,building_centroid
"497 WEST MAIN STREET",STAMFORD,CT,41.048602,-73.558431,1,rooftop,"497 W Main St",,"Stamford, CT 06902",497,"W Main St",,,Stamford,CT,"Western Connecticut Planning Region",06902,US,"City of Stamford",gcod_usn5df9j4bcp8gq6rpj4s5npqj2c3,building_centroid
"119 FARMS ROAD",STAMFORD,CT,41.125906,-73.606143,1,rooftop,"119 Farms Rd",,"Stamford, CT 06903",119,"Farms Rd",,,Stamford,CT,"Western Connecticut Planning Region",06903,US,"City of Stamford",gcod_usnemmmlqarnxwh5y2rhmkdygq636,building_centroid
"35  WEST BROAD STREET  #117",STAMFORD,CT,41.055906,-73.546195,1,rooftop,"35 W Broad St","Unit 117","Stamford, CT 06902",35,"W Broad St",Unit,117,Stamford,CT,"Western Connecticut Planning Region",06902,US,"City of Stamford",gcod_usnxrn5wgumjceu3kyprzg694bx4f-unrsbbnhwj489,building_centroid
"35  WEST BROAD STREET  #324",STAMFORD,CT,41.055906,-73.546195,1,rooftop,"35 W Broad St","Unit 324","Stamford, CT 06902",35,"W Broad St",Unit,324,Stamford,CT,"Western Connecticut Planning Region",06902,US,"City of Stamford",gcod_usnxrn5wgumjceu3kyprzg694bx4f-49drvrmnr2nv7,building_centroid
"35 WEST BROAD STREET #103",STAMFORD,CT,41.055906,-73.546195,1,rooftop,"35 W Broad St","Unit 103","Stamford, CT 06902",35,"W Broad St",Unit,103,Stamford,CT,"Western Connecticut Planning Region",06902,US,"City of Stamford",gcod_usnxrn5wgumjceu3kyprzg694bx4f-rmr3alggm2875,building_centroid
"23 ROCK SPRING ROAD",STAMFORD,CT,41.065849,-73.532025,1,rooftop,"23 Rock Spring Rd",,"Stamford, CT 06906",23,"Rock Spring Rd",,,Stamford,CT,"Western Connecticut Planning Region",06906,US,"City of Stamford",gcod_usnbwrg3jsgljk7ffzlnmsqcemdnc,building_centroid
"0 HILLCREST TERRACE",STAMFORD,CT,41.059005,-73.532897,1,street_center,"Hillcrest Ave",,"Stamford, CT 06902",,"Hillcrest Ave",,,Stamford,CT,"Western Connecticut Planning Region",06902,US,"TIGER/Line® dataset from the US Census Bureau",gcod_usscebkbgjsaj7ea,
"25 ADAMS AVENUE #UT216",STAMFORD,CT,41.056633,-73.547376,1,rooftop,"25 Adams Ave","Unit 216","Stamford, CT 06902",25,"Adams Ave",Unit,216,Stamford,CT,"Western Connecticut Planning Region",06902,US,"City of Stamford",gcod_usn3jpqmzenu5ydbscdu26d9x7542-xleg8zysr8w82,building_centroid
"60 PURITAN LANE",STAMFORD,CT,41.068179,-73.530025,1,rooftop,"60 Puritan Ln",,"Stamford, CT 06906",60,"Puritan Ln",,,Stamford,CT,"Western Connecticut Planning Region",06906,US,"City of Stamford",gcod_usntth7cz2vkpaqfgnz3nc5q66k56,building_centroid
"62 DYKE LANE ",STAMFORD,CT,41.038143,-73.53996,1,rooftop,"62 Dyke Ln",,"Stamford, CT 06902",62,"Dyke Ln",,,Stamford,CT,"Western Connecticut Planning Region",06902,US,"City of Stamford",gcod_usns37r3fkb79xudectwamxs7z2gd,building_centroid
"28 NORTH STREET",STAMFORD,CT,41.059247,-73.545374,1,rooftop,"28 North St",,"Stamford, CT 06902",28,"North St",,,Stamford,CT,"Western Connecticut Planning Region",06902,US,"City of Stamford",gcod_usnbsvcnnmtgsabgk22q78gv9ucg5,building_centroid
"30 WOODLAND PLACE ",STAMFORD,CT,41.042188,-73.536687,1,rooftop,"30 Woodland Pl",,"Stamford, CT 06902",30,"Woodland Pl",,,Stamford,CT,"Western Connecticut Planning Region",06902,US,"City of Stamford",gcod_usnfgcfd39rykhu6t8749xaxwm78b,building_centroid
"501  WEST MAIN STREET  #UT1C",STAMFORD,CT,41.054273,-73.535014,1,range_interpolation,"501 Main St","# UT1C","Stamford, CT 06901",501,"Main St",#,UT1C,Stamford,CT,"Western Connecticut Planning Region",06901,US,"TIGER/Line® from the US Census Bureau",gcod_usncz3dhtlltc5y9hw7rrcn9gz3ac,
"501  WEST MAIN STREET  #UT3G",STAMFORD,CT,41.054273,-73.535014,1,range_interpolation,"501 Main St","# UT3G","Stamford, CT 06901",501,"Main St",#,UT3G,Stamford,CT,"Western Connecticut Planning Region",06901,US,"TIGER/Line® from the US Census Bureau",gcod_usncz3dhtlltc5y9hw7rrcn9gz3ac,
"501  WEST MAIN STREET  #UT3F",STAMFORD,CT,41.054273,-73.535014,1,range_interpolation,"501 Main St","# UT3F","Stamford, CT 06901",501,"Main St",#,UT3F,Stamford,CT,"Western Connecticut Planning Region",06901,US,"TIGER/Line® from the US Census Bureau",gcod_usncz3dhtlltc5y9hw7rrcn9gz3ac,
"501  WEST MAIN STREET  #UT2G",STAMFORD,CT,41.054273,-73.535014,1,range_interpolation,"501 Main St","# UT2G","Stamford, CT 06901",501,"Main St",#,UT2G,Stamford,CT,"Western Connecticut Planning Region",06901,US,"TIGER/Line® from the US Census Bureau",gcod_usncz3dhtlltc5y9hw7rrcn9gz3ac,
"501  WEST MAIN STREET  #UT2F",STAMFORD,CT,41.054273,-73.535014,1,range_interpolation,"501 Main St","# UT2F","Stamford, CT 06901",501,"Main St",#,UT2F,Stamford,CT,"Western Connecticut Planning Region",06901,US,"TIGER/Line® from the US Census Bureau",gcod_usncz3dhtlltc5y9hw7rrcn9gz3ac,
"501  WEST MAIN STREET  #UT1G",STAMFORD,CT,41.054273,-73.535014,1,range_interpolation,"501 Main St","# UT1G","Stamford, CT 06901",501,"Main St",#,UT1G,Stamford,CT,"Western Connecticut Planning Region",06901,US,"TIGER/Line® from the US Census Bureau",gcod_usncz3dhtlltc5y9hw7rrcn9gz3ac,
"501  WEST MAIN STREET  #UT2C",STAMFORD,CT,41.054273,-73.535014,1,range_interpolation,"501 Main St","# UT2C","Stamford, CT 06901",501,"Main St",#,UT2C,Stamford,CT,"Western Connecticut Planning Region",06901,US,"TIGER/Line® from the US Census Bureau",gcod_usncz3dhtlltc5y9hw7rrcn9gz3ac,
"501  WEST MAIN STREET  #UT3C",STAMFORD,CT,41.054273,-73.535014,1,range_interpolation,"501 Main St","# UT3C","Stamford, CT 06901",501,"Main St",#,UT3C,Stamford,CT,"Western Connecticut Planning Region",06901,US,"TIGER/Line® from the US Census Bureau",gcod_usncz3dhtlltc5y9hw7rrcn9gz3ac,
"501  WEST MAIN STREET  #UT3B",STAMFORD,CT,41.054273,-73.535014,1,range_interpolation,"501 Main St","# UT3B","Stamford, CT 06901",501,"Main St",#,UT3B,Stamford,CT,"Western Connecticut Planning Region",06901,US,"TIGER/Line® from the US Census Bureau",gcod_usncz3dhtlltc5y9hw7rrcn9gz3ac,
"311 WEST MAIN STREET ",STAMFORD,CT,41.04924,-73.550835,1,rooftop,"311 W Main St",,"Stamford, CT 06902",311,"W Main St",,,Stamford,CT,"Western Connecticut Planning Region",06902,US,"City of Stamford",gcod_usn5df9j4bcp8gq66rpamf4jcvqja,building_centroid
"82 RIPPOWAM ROAD",STAMFORD,CT,41.038254,-73.523582,1,rooftop,"82 Rippowam Rd",,"Stamford, CT 06902",82,"Rippowam Rd",,,Stamford,CT,"Western Connecticut Planning Region",06902,US,"City of Stamford",gcod_usn7wfldatzgzb87dretpnahgklc6,building_centroid
"66 STEPHEN STREET",STAMFORD,CT,41.054659,-73.549046,1,rooftop,"66 Stephen St",,"Stamford, CT 06902",66,"Stephen St",,,Stamford,CT,"Western Connecticut Planning Region",06902,US,"City of Stamford",gcod_usnu5gfmwx2desna3l3b7d9dvtn59,building_centroid
"43 HARBOR DRIVE",STAMFORD,CT,41.039328,-73.529893,1,rooftop,"43 Harbor Dr",,"Stamford, CT 06902",43,"Harbor Dr",,,Stamford,CT,"Western Connecticut Planning Region",06902,US,"City of Stamford",gcod_usnf6peeepruj8ubg782kbxs6xjf5,building_centroid
"910 HOPE STREET",STAMFORD,CT,41.089931,-73.518081,1,rooftop,"910 Hope St",,"Stamford, CT 06907",910,"Hope St",,,Stamford,CT,"Western Connecticut Planning Region",06907,US,"City of Stamford",gcod_usnfkq23mubsxdk3ewvf9j7b4jvmd,building_centroid
"62 VIADUCT ROAD ",STAMFORD,CT,41.080471,-73.520035,1,rooftop,"62 Viaduct Rd",,"Stamford, CT 06907",62,"Viaduct Rd",,,Stamford,CT,"Western Connecticut Planning Region",06907,US,"City of Stamford",gcod_usn5hldge7zuhy48ew7ppsdvnlvw8,building_centroid
"42 ALBIN ROAD",STAMFORD,CT,41.050436,-73.506912,1,rooftop,"42 Albin Rd",,"Stamford, CT 06902",42,"Albin Rd",,,Stamford,CT,"Western Connecticut Planning Region",06902,US,"City of Stamford",gcod_usnks4e35c5xryg9hg6w8eu8cmz74,building_centroid
"81 TOP GALLANT ROAD ",STAMFORD,CT,41.031687,-73.551568,1,rooftop,"81 Top Gallant Rd",,"Stamford, CT 06902",81,"Top Gallant Rd",,,Stamford,CT,"Western Connecticut Planning Region",06902,US,"City of Stamford",gcod_usn4ee559xmh86h5yhqvrm8je8kz6,building_centroid
"118 GROVE STREET",STAMFORD,CT,41.058255,-73.534495,1,rooftop,"118 Grove St",,"Stamford, CT 06901",118,"Grove St",,,Stamford,CT,"Western Connecticut Planning Region",06901,US,"City of Stamford",gcod_usnyw6nvzwp3dqcb6xbr5eeswbnl5,building_centroid
"0 TAFF AVENUE",STAMFORD,CT,41.038461,-73.548434,1,street_center,"Taff Ave",,"Stamford, CT 06902",,"Taff Ave",,,Stamford,CT,"Western Connecticut Planning Region",06902,US,"TIGER/Line® dataset from the US Census Bureau",gcod_ussavenlr6jj7fmb,
"33 ROSE PARK AVENUE",STAMFORD,CT,41.049288,-73.54752,1,rooftop,"33 Rose Park Ave",,"Stamford, CT 06902",33,"Rose Park Ave",,,Stamford,CT,"Western Connecticut Planning Region",06902,US,"City of Stamford",gcod_usnyhn4durhjfhsdgkcetjafeaecc,building_centroid
"2435 BEDFORD STREET",STAMFORD,CT,41.070476,-73.541911,1,rooftop,"2435 Bedford St",,"Stamford, CT 06905",2435,"Bedford St",,,Stamford,CT,"Western Connecticut Planning Region",06905,US,"City of Stamford",gcod_usnxgapvae5gwy5dejl3dbcr363kd,building_centroid
"49 GLENBROOK ROAD ",STAMFORD,CT,41.056884,-73.528492,1,rooftop,"49 Glenbrook Rd",,"Stamford, CT 06902",49,"Glenbrook Rd",,,Stamford,CT,"Western Connecticut Planning Region",06902,US,"City of Stamford",gcod_usnqrk9rbqbd8lveqnfwvc85952yb,building_centroid
"64 LANTERN CIRCLE",STAMFORD,CT,41.086699,-73.546997,1,rooftop,"64 Lantern Cir",,"Stamford, CT 06905",64,"Lantern Cir",,,Stamford,CT,"Western Connecticut Planning Region",06905,US,"City of Stamford",gcod_usn5t89ujsq943v3hhmq76mz6naq4,building_centroid
"25 LANTERN CIRCLE",STAMFORD,CT,41.088276,-73.547185,1,rooftop,"25 Lantern Cir",,"Stamford, CT 06905",25,"Lantern Cir",,,Stamford,CT,"Western Connecticut Planning Region",06905,US,"City of Stamford",gcod_usn5t89ujsq943v3lw9k8ddykhpg8,building_centroid
"62 DORA STREET",STAMFORD,CT,41.051072,-73.508169,1,rooftop,"62 Dora St",,"Stamford, CT 06902",62,"Dora St",,,Stamford,CT,"Western Connecticut Planning Region",06902,US,"City of Stamford",gcod_usnp6mlbbxmxfp63vdma24xf8zju7,building_centroid
"66 DORA STREET",STAMFORD,CT,41.05121,-73.508183,1,rooftop,"66 Dora St",,"Stamford, CT 06902",66,"Dora St",,,Stamford,CT,"Western Connecticut Planning Region",06902,US,"City of Stamford",gcod_usnp6mlbbxmxfp63qppsw35qay8kf,building_centroid
"225 HIGH RIDGE ROAD ",STAMFORD,CT,41.080594,-73.547731,1,rooftop,"225 High Ridge Rd",,"Stamford, CT 06905",225,"High Ridge Rd",,,Stamford,CT,"Western Connecticut Planning Region",06905,US,"City of Stamford",gcod_usnyvscp4ey3fbqa5fu79qpfmb4l9,building_centroid
"31 WOODLAND PLACE ",STAMFORD,CT,41.041745,-73.536786,1,rooftop,"31 Woodland Pl",,"Stamford, CT 06902",31,"Woodland Pl",,,Stamford,CT,"Western Connecticut Planning Region",06902,US,"City of Stamford",gcod_usnfgcfd39rykhu6fvdjps4mjhxla,building_centroid
"211 SUMMER STREET",STAMFORD,CT,41.05474,-73.540474,1,rooftop,"211 Summer St",,"Stamford, CT 06901",211,"Summer St",,,Stamford,CT,"Western Connecticut Planning Region",06901,US,"City of Stamford",gcod_usnmr5ypz5p8ae5ahudd66myge6la,building_centroid
"0 TACONIC ROAD",STAMFORD,CT,41.090459,-73.622249,0.84,street_center,"Taconic Rd",,"Greenwich, CT 06831",,"Taconic Rd",,,Greenwich,CT,"Western Connecticut Planning Region",06831,US,"TIGER/Line® dataset from the US Census Bureau",gcod_usslqs9r3h2aaar8,
"476 TACONIC ROAD ",STAMFORD,CT,41.144445,-73.631438,0.84,rooftop,"476 Taconic Rd",,"Greenwich, CT 06831",476,"Taconic Rd",,,Greenwich,CT,"Western Connecticut Planning Region",06831,US,"City of Stamford",gcod_usnlqs9r3h2aaar8r2c8k6lh77262,building_centroid
"36 MANOR STREET",STAMFORD,CT,41.039965,-73.539748,1,rooftop,"36 Manor St",,"Stamford, CT 06902",36,"Manor St",,,Stamford,CT,"Western Connecticut Planning Region",06902,US,"City of Stamford",gcod_usnrxgx3wfg6ws4f8etrkyjfa68f9,building_centroid
"203 PINEWOOD ROAD",STAMFORD,CT,41.152387,-73.540392,1,rooftop,"203 Pinewood Rd",,"Stamford, CT 06903",203,"Pinewood Rd",,,Stamford,CT,"Western Connecticut Planning Region",06903,US,"City of Stamford",gcod_usnvba4grcxspamcj3e8xqgku34x6,building_centroid
"58 HARBOR STREET",STAMFORD,CT,41.039712,-73.53826,1,rooftop,"58 Harbor St",,"Stamford, CT 06902",58,"Harbor St",,,Stamford,CT,"Western Connecticut Planning Region",06902,US,"City of Stamford",gcod_usn2sp3924rgydt668cx5lmvhbbj9,building_centroid
"35 LINCOLN AVENUE",STAMFORD,CT,41.057473,-73.521277,1,rooftop,"35 Lincoln Ave",,"Stamford, CT 06902",35,"Lincoln Ave",,,Stamford,CT,"Western Connecticut Planning Region",06902,US,"City of Stamford",gcod_usnvfq4stjqra5v99twarr36a3wch,building_centroid
"239 HAMILTON AVENUE",STAMFORD,CT,41.063753,-73.51297,1,rooftop,"239 Hamilton Ave",,"Stamford, CT 06902",239,"Hamilton Ave",,,Stamford,CT,"Western Connecticut Planning Region",06902,US,"City of Stamford",gcod_usn32hz5gsk43xc4ndrveqkwtpsxb,building_centroid
"153 FREDERICK STREET",STAMFORD,CT,41.048237,-73.522072,1,rooftop,"153 Frederick St",,"Stamford, CT 06902",153,"Frederick St",,,Stamford,CT,"Western Connecticut Planning Region",06902,US,"City of Stamford",gcod_usna47qh4dw2sjc8keu8qnrk8wtc4,building_centroid
"17 CARROLL STREET ",STAMFORD,CT,41.093684,-73.520216,1,rooftop,"17 Carroll St",,"Stamford, CT 06907",17,"Carroll St",,,Stamford,CT,"Western Connecticut Planning Region",06907,US,"City of Stamford",gcod_usnwcuu5p9vxshp245l65e5utn39f,building_centroid
"97 BURWOOD AVENUE",STAMFORD,CT,41.032045,-73.549619,1,rooftop,"97 Burwood Ave",,"Stamford, CT 06902",97,"Burwood Ave",,,Stamford,CT,"Western Connecticut Planning Region",06902,US,"City of Stamford",gcod_usn3prxcw5mhjs365sguhttkq9vbf,building_centroid
"20 ACOSTA STREET ",STAMFORD,CT,41.052022,-73.558569,1,rooftop,"20 Acosta St",,"Stamford, CT 06902",20,"Acosta St",,,Stamford,CT,"Western Connecticut Planning Region",06902,US,"City of Stamford",gcod_usnrzsn2bgsx6ag7dbczcdyzlhqh4,building_centroid
"25 ADAMS AVENUE #UT410",STAMFORD,CT,41.056633,-73.547376,1,rooftop,"25 Adams Ave","Unit 410","Stamford, CT 06902",25,"Adams Ave",Unit,410,Stamford,CT,"Western Connecticut Planning Region",06902,US,"City of Stamford",gcod_usn3jpqmzenu5ydbscdu26d9x7542-d2h5m5bl6cpr4,building_centroid
"77 HAVEMEYER LANE #UT4",STAMFORD,CT,41.0545,-73.566653,1,rooftop,"77 Havemeyer Ln","Unit 4","Stamford, CT 06902",77,"Havemeyer Ln",Unit,4,Stamford,CT,"Western Connecticut Planning Region",06902,US,"City of Stamford",gcod_usnv2kfzqmcwaugdtqz5m9ljt47dc-ks7ffy65lqkg8,building_centroid
"20 LEWELYN ROAD ",STAMFORD,CT,41.044557,-73.510974,1,rooftop,"20 Lewelyn Rd",,"Stamford, CT 06902",20,"Lewelyn Rd",,,Stamford,CT,"Western Connecticut Planning Region",06902,US,"City of Stamford",gcod_usnevab38b7ynxm8slz6729vkrnae,building_centroid
"0 FARMS ROAD",STAMFORD,CT,41.124466,-73.604442,1,street_center,"Farms Rd",,"Stamford, CT 06903",,"Farms Rd",,,Stamford,CT,"Western Connecticut Planning Region",06903,US,"TIGER/Line® dataset from the US Census Bureau",gcod_ussemmmlqarnxwh5,
"404 TACONIC ROAD ",STAMFORD,CT,41.134814,-73.621755,0.84,rooftop,"404 Taconic Rd",,"Greenwich, CT 06831",404,"Taconic Rd",,,Greenwich,CT,"Western Connecticut Planning Region",06831,US,"City of Stamford",gcod_usnlqs9r3h2aaar8n8ywm424xx5t4,building_centroid
"77 HAVEMEYER LANE #411",STAMFORD,CT,41.0545,-73.566653,1,rooftop,"77 Havemeyer Ln","Unit 411","Stamford, CT 06902",77,"Havemeyer Ln",Unit,411,Stamford,CT,"Western Connecticut Planning Region",06902,US,"City of Stamford",gcod_usnv2kfzqmcwaugdtqz5m9ljt47dc-yqa6axjq34u85,building_centroid
"77  HAVEMEYER LANE  #417",STAMFORD,CT,41.0545,-73.566653,1,rooftop,"77 Havemeyer Ln","Unit 417","Stamford, CT 06902",77,"Havemeyer Ln",Unit,417,Stamford,CT,"Western Connecticut Planning Region",06902,US,"City of Stamford",gcod_usnv2kfzqmcwaugdtqz5m9ljt47dc-6urrdmsyn8aab,building_centroid
"25 PURITAN LANE",STAMFORD,CT,41.068832,-73.528661,1,rooftop,"25 Puritan Ln",,"Stamford, CT 06906",25,"Puritan Ln",,,Stamford,CT,"Western Connecticut Planning Region",06906,US,"City of Stamford",gcod_usntth7cz2vkpaqfjsl2gb3s33m7b,building_centroid
"261 MAIN STREET",STAMFORD,CT,41.053377,-73.540563,1,range_interpolation,"261 Main St",,"Stamford, CT 06901",261,"Main St",,,Stamford,CT,"Western Connecticut Planning Region",06901,US,"TIGER/Line® from the US Census Bureau",gcod_usncz3dhtlltc5y9gnk9g28kddlac,
"18 CHAPIN LANE",STAMFORD,CT,41.126395,-73.533489,1,rooftop,"18 Chapin Ln",,"Stamford, CT 06903",18,"Chapin Ln",,,Stamford,CT,"Western Connecticut Planning Region",06903,US,"City of Stamford",gcod_usngyyrfcxfe9936wyuvyg52vxnh6,building_centroid
"58 DORA STREET",STAMFORD,CT,41.05094,-73.508154,1,rooftop,"58 Dora St",,"Stamford, CT 06902",58,"Dora St",,,Stamford,CT,"Western Connecticut Planning Region",06902,US,"City of Stamford",gcod_usnp6mlbbxmxfp63qvg6jpqp6nlad,building_centroid
"0 HAVEMEYER LANE",STAMFORD,CT,41.057513,-73.567669,1,street_center,"Havemeyer Ln",,"Stamford, CT 06902",,"Havemeyer Ln",,,Stamford,CT,"Western Connecticut Planning Region",06902,US,"TIGER/Line® dataset from the US Census Bureau",gcod_ussv2kfzqmcwaugd,
"119 WEST AVENUE",STAMFORD,CT,41.049499,-73.557991,1,rooftop,"119 West Ave",,"Stamford, CT 06902",119,"West Ave",,,Stamford,CT,"Western Connecticut Planning Region",06902,US,"City of Stamford",gcod_usnkkg6732v69cpgbhn5h5f26b7dg,building_centroid
"391 SAWMILL ROAD",STAMFORD,CT,41.123055,-73.589058,1,rooftop,"391 Sawmill Rd",,"Stamford, CT 06903",391,"Sawmill Rd",,,Stamford,CT,"Western Connecticut Planning Region",06903,US,"City of Stamford",gcod_usnpr4g8sbyh9qvankv7tag9umlw8,building_centroid
"13 HACKETT CIRCLE NORTH",STAMFORD,CT,41.067904,-73.531849,1,rooftop,"13 Hackett Cir N",,"Stamford, CT 06906",13,"Hackett Cir N",,,Stamford,CT,"Western Connecticut Planning Region",06906,US,"City of Stamford",gcod_usnqskdpjpdh9xlhztbj5y5kzstsa,building_centroid
"239 HAMILTON AVENUE ",STAMFORD,CT,41.063753,-73.51297,1,rooftop,"239 Hamilton Ave",,"Stamford, CT 06902",239,"Hamilton Ave",,,Stamford,CT,"Western Connecticut Planning Region",06902,US,"City of Stamford",gcod_usn32hz5gsk43xc4ndrveqkwtpsxb,building_centroid
"787 COVE ROAD",STAMFORD,CT,41.048737,-73.511006,1,rooftop,"787 Cove Rd",,"Stamford, CT 06902",787,"Cove Rd",,,Stamford,CT,"Western Connecticut Planning Region",06902,US,"City of Stamford",gcod_usnj2vkuspefctvetvxwhwaa399h5,building_centroid
"63 SOUNDVIEW AVENUE ",STAMFORD,CT,41.047079,-73.520872,1,rooftop,"63 Soundview Ave",,"Stamford, CT 06902",63,"Soundview Ave",,,Stamford,CT,"Western Connecticut Planning Region",06902,US,"City of Stamford",gcod_usnrwlbcvx25jmu749wty4p6pgv8h,building_centroid
"21 WARDWELL STREET ",STAMFORD,CT,41.048938,-73.526124,1,rooftop,"21 Wardwell St",,"Stamford, CT 06902",21,"Wardwell St",,,Stamford,CT,"Western Connecticut Planning Region",06902,US,"City of Stamford",gcod_usnznxfxstds6k2avyk7h4ptesub6,building_centroid
"56 CHERRY HILL ROAD",STAMFORD,CT,41.050317,-73.52909,1,range_interpolation,"56 Cherry St",,"Stamford, CT 06902",56,"Cherry St",,,Stamford,CT,"Western Connecticut Planning Region",06902,US,"TIGER/Line® from the US Census Bureau",gcod_usn6d8z6a2darx4hgea38q5xlc45c,
"33 EAST WALNUT STREET",STAMFORD,CT,41.041113,-73.537022,1,rooftop,"33 E Walnut St",,"Stamford, CT 06902",33,"E Walnut St",,,Stamford,CT,"Western Connecticut Planning Region",06902,US,"City of Stamford",gcod_usnvphxm6f89avqglzzn2zx3k3n67,building_centroid
"525 HIGH RIDGE ROAD",STAMFORD,CT,41.089419,-73.547823,1,rooftop,"525 High Ridge Rd",,"Stamford, CT 06905",525,"High Ridge Rd",,,Stamford,CT,"Western Connecticut Planning Region",06905,US,"City of Stamford",gcod_usnyvscp4ey3fbqadm7fl3c46qyda,building_centroid
"90 IROQUOIS ROAD",STAMFORD,CT,41.037625,-73.523838,1,rooftop,"90 Iroquois Rd",,"Stamford, CT 06902",90,"Iroquois Rd",,,Stamford,CT,"Western Connecticut Planning Region",06902,US,"City of Stamford",gcod_usn75myuk2ajs7wbvylgnt6agyxu6,building_centroid
"398 FAIRFIELD AVENUE ",STAMFORD,CT,41.037566,-73.551002,1,rooftop,"398 Fairfield Ave",,"Stamford, CT 06902",398,"Fairfield Ave",,,Stamford,CT,"Western Connecticut Planning Region",06902,US,"City of Stamford",gcod_usnbau5kw53kfceh6gndhfmqqj3ae,building_centroid
"455 OLD LONG RIDGE ROAD",STAMFORD,CT,41.155855,-73.593644,1,rooftop,"455 Old Long Ridge Rd",,"Stamford, CT 06903",455,"Old Long Ridge Rd",,,Stamford,CT,"Western Connecticut Planning Region",06903,US,"City of Stamford",gcod_usnmwkpcx79yr7metnlks7tm7xcn2,building_centroid
"0 PARSONAGE ROAD",STAMFORD,CT,41.154345,-73.596816,1,street_center,"Parsonage Rd",,"Stamford, CT 06903",,"Parsonage Rd",,,Stamford,CT,"Western Connecticut Planning Region",06903,US,"TIGER/Line® dataset from the US Census Bureau",gcod_ussfp7vf8af9eat3,
"59 ROCK SPRING ROAD",STAMFORD,CT,41.066397,-73.530281,1,rooftop,"59 Rock Spring Rd",,"Stamford, CT 06906",59,"Rock Spring Rd",,,Stamford,CT,"Western Connecticut Planning Region",06906,US,"City of Stamford",gcod_usnbwrg3jsgljk7fvzc84a85s57fd,building_centroid
"92 COVE ROAD",STAMFORD,CT,41.049186,-73.522749,1,rooftop,"92 Cove Rd",,"Stamford, CT 06902",92,"Cove Rd",,,Stamford,CT,"Western Connecticut Planning Region",06902,US,"City of Stamford",gcod_usnj2vkuspefctvea24kmycypfjvd,building_centroid
"384 CASCADE ROAD",STAMFORD,CT,41.148477,-73.536681,1,rooftop,"384 Cascade Rd",,"Stamford, CT 06903",384,"Cascade Rd",,,Stamford,CT,"Western Connecticut Planning Region",06903,US,"City of Stamford",gcod_usnfe84g9tsb6bc6f4cybhcgnyzdh,building_centroid
"3 JUNIPER HILL ROAD ",STAMFORD,CT,41.094514,-73.595248,0.9,rooftop,"3 Juniper Hill Rd",,"Greenwich, CT 06830",3,"Juniper Hill Rd",,,Greenwich,CT,"Western Connecticut Planning Region",06830,US,"City of Stamford",gcod_usnkvwrzb5rav698nfxvzcdk4hpjf,building_centroid
"36 SCHUYLER AVENUE",STAMFORD,CT,41.053966,-73.54784,1,rooftop,"36 Schuyler Ave",,"Stamford, CT 06902",36,"Schuyler Ave",,,Stamford,CT,"Western Connecticut Planning Region",06902,US,"City of Stamford",gcod_usn2npq23h8lrd56dq7lby5w42gad,building_centroid
"47 HILLTOP AVENUE ",STAMFORD,CT,41.100276,-73.528823,1,rooftop,"47 Hilltop Ave",,"Stamford, CT 06907",47,"Hilltop Ave",,,Stamford,CT,"Western Connecticut Planning Region",06907,US,"City of Stamford",gcod_usn7l8asgc9frvgazrnjmz3pnsfk7,building_centroid
"74 STANDISH ROAD #18G-3",STAMFORD,CT,41.058623,-73.514482,1,rooftop,"74 Standish Rd","# 18G","Stamford, CT 06902",74,"Standish Rd",#,18G,Stamford,CT,"Western Connecticut Planning Region",06902,US,"City of Stamford",gcod_usnq7kek7f9g5fmd4czbvvtlh7x7e-j3p6lvce23jr7,building_centroid
"391 COVE ROAD",STAMFORD,CT,41.04946,-73.517653,1,rooftop,"391 Cove Rd",,"Stamford, CT 06902",391,"Cove Rd",,,Stamford,CT,"Western Connecticut Planning Region",06902,US,"City of Stamford",gcod_usnj2vkuspefctvekmhl2zbl9lcpf,building_centroid
"1  BROAD STREET  #16F",STAMFORD,CT,41.055361,-73.542812,1,rooftop,"1 Broad St","Unit 16F","Stamford, CT 06901",1,"Broad St",Unit,16F,Stamford,CT,"Western Connecticut Planning Region",06901,US,"City of Stamford",gcod_usn72kxh2544zjt7zwsunze3c4jsh-4vwhpzehsagp5,building_centroid
"19 LEE STREET ",STAMFORD,CT,41.051662,-73.522948,1,rooftop,"19 Lee St",,"Stamford, CT 06902",19,"Lee St",,,Stamford,CT,"Western Connecticut Planning Region",06902,US,"City of Stamford",gcod_usnza42tk7k9lfgfgwxn8nn8mqm5a,building_centroid
"245 SHIPPAN AVENUE ",STAMFORD,CT,41.047713,-73.524501,1,rooftop,"245 Shippan Ave",,"Stamford, CT 06902",245,"Shippan Ave",,,Stamford,CT,"Western Connecticut Planning Region",06902,US,"Connecticut Geospatial Information Systems Council",gcod_usn79qs6gl8nng5eba7x57q23rcud,parcel_centroid
"115 COLONIAL ROAD #UT41",STAMFORD,CT,41.070127,-73.530147,1,range_interpolation,"115 Colonial Rd","Unit 41","Stamford, CT 06906",115,"Colonial Rd",Unit,41,Stamford,CT,"Western Connecticut Planning Region",06906,US,"TIGER/Line® from the US Census Bureau",gcod_usn8bhnwwt3w4a5h7udf28z8q7kab,
"775 ATLANTIC STREET ",STAMFORD,CT,41.043954,-73.540778,1,rooftop,"775 Atlantic St",,"Stamford, CT 06902",775,"Atlantic St",,,Stamford,CT,"Western Connecticut Planning Region",06902,US,"City of Stamford",gcod_usn9rjug5jqvp9d8pqybxpw6ertd6,building_centroid
"0 CARRINGTON DRIVE",STAMFORD,CT,41.059462,-73.530315,0.93,street_center,"Arlington Rd",,"Stamford, CT 06902",,"Arlington Rd",,,Stamford,CT,"Western Connecticut Planning Region",06902,US,"TIGER/Line® dataset from the US Census Bureau",gcod_uss8xy6nvp5jxvy4,
"23 WARREN STREET",STAMFORD,CT,41.051702,-73.52539,1,rooftop,"23 Warren St",,"Stamford, CT 06902",23,"Warren St",,,Stamford,CT,"Western Connecticut Planning Region",06902,US,"City of Stamford",gcod_usns8jum35rfdwdabdg9we5v8yw69,building_centroid
"205 ATLANTIC STREET ",STAMFORD,CT,41.052422,-73.539602,1,rooftop,"205 Atlantic St",,"Stamford, CT 06901",205,"Atlantic St",,,Stamford,CT,"Western Connecticut Planning Region",06901,US,"City of Stamford",gcod_usn4g7f8x5yzp7udgyzepk9t45mc2,building_centroid
"16 SUNNYSIDE AVENUE",STAMFORD,CT,41.03751,-73.548596,1,rooftop,"16 Sunnyside Ave",,"Stamford, CT 06902",16,"Sunnyside Ave",,,Stamford,CT,"Western Connecticut Planning Region",06902,US,"Connecticut Geospatial Information Systems Council",gcod_usncgm45tv4xk8a4pdv3h9upml4a3,parcel_centroid
"9 HOBBIE STREET",STAMFORD,CT,41.05004,-73.511558,1,rooftop,"9 Hobbie St",,"Stamford, CT 06902",9,"Hobbie St",,,Stamford,CT,"Western Connecticut Planning Region",06902,US,"City of Stamford",gcod_usnrr6avn254dua7q7ry55epfjrw2,building_centroid
"2 FLORA PLACE",STAMFORD,CT,41.164557,-73.561121,1,rooftop,"2 Flora Pl",,"Stamford, CT 06903",2,"Flora Pl",,,Stamford,CT,"Western Connecticut Planning Region",06903,US,"City of Stamford",gcod_usn7qwd9fjeuuct297enb68gph9x9,building_centroid
"422 TACONIC ROAD ",STAMFORD,CT,41.139167,-73.629135,0.84,rooftop,"422 Taconic Rd",,"Greenwich, CT 06831",422,"Taconic Rd",,,Greenwich,CT,"Western Connecticut Planning Region",06831,US,"City of Stamford",gcod_usnlqs9r3h2aaar8wq5yzhj3vu4e4,building_centroid
"0 CHERRY HILL ROAD",STAMFORD,CT,41.050351,-73.52928,1,street_center,"Cherry St",,"Stamford, CT 06902",,"Cherry St",,,Stamford,CT,"Western Connecticut Planning Region",06902,US,"TIGER/Line® dataset from the US Census Bureau",gcod_uss6d8z6a2darx4h,
"0 WIRE MILL ROAD ",STAMFORD,CT,41.107145,-73.559554,1,street_center,"Wire Mill Rd",,"Stamford, CT 06903",,"Wire Mill Rd",,,Stamford,CT,"Western Connecticut Planning Region",06903,US,"TIGER/Line® dataset from the US Census Bureau",gcod_ussqu4r4bz44ecu9,
"376 WIRE MILL ROAD ",STAMFORD,CT,41.111825,-73.557492,1,rooftop,"376 Wire Mill Rd",,"Stamford, CT 06903",376,"Wire Mill Rd",,,Stamford,CT,"Western Connecticut Planning Region",06903,US,"City of Stamford",gcod_usnqu4r4bz44ecu94v3sqdvcu7lfb,building_centroid
"49 SOUTHFIELD AVENUE",STAMFORD,CT,41.038329,-73.547989,1,rooftop,"49 Southfield Ave",,"Stamford, CT 06902",49,"Southfield Ave",,,Stamford,CT,"Western Connecticut Planning Region",06902,US,"City of Stamford",gcod_usn9rvkb5jqlhl7g842jedeammxlh,building_centroid
"17 ORLANDO AVENUE",STAMFORD,CT,41.041986,-73.557948,1,rooftop,"17 Orlando Ave",,"Stamford, CT 06902",17,"Orlando Ave",,,Stamford,CT,"Western Connecticut Planning Region",06902,US,"City of Stamford",gcod_usng59jqrawyecafful4cjyawbjmh,building_centroid
"311 GREENWICH AVENUE",STAMFORD,CT,41.040991,-73.548187,1,rooftop,"311 Greenwich Ave",,"Stamford, CT 06902",311,"Greenwich Ave",,,Stamford,CT,"Western Connecticut Planning Region",06902,US,"City of Stamford",gcod_usnyd6a59b34xks33pm32jmgpvh94,building_centroid
"1489 LONG RIDGE ROAD",STAMFORD,CT,41.118745,-73.571847,1,rooftop,"1489 Long Ridge Rd",,"Stamford, CT 06903",1489,"Long Ridge Rd",,,Stamford,CT,"Western Connecticut Planning Region",06903,US,"City of Stamford",gcod_usns3tph4ewmj6w7lxpf8xd59cwa2,building_centroid
"44 NELSON STREET",STAMFORD,CT,41.037657,-73.528992,1,rooftop,"44 Nelson St",,"Stamford, CT 06902",44,"Nelson St",,,Stamford,CT,"Western Connecticut Planning Region",06902,US,"City of Stamford",gcod_usn59e97tedlpr69sg6w5s25mwxag,building_centroid
"14 LIMERICK STREET",STAMFORD,CT,41.047125,-73.519979,1,rooftop,"14 Limerick St",,"Stamford, CT 06902",14,"Limerick St",,,Stamford,CT,"Western Connecticut Planning Region",06902,US,"City of Stamford",gcod_usnuuaevfvkv7uh7lxzczpnr6lft7,building_centroid
"105 COVE ROAD",STAMFORD,CT,41.048896,-73.522401,1,rooftop,"105 Cove Rd",,"Stamford, CT 06902",105,"Cove Rd",,,Stamford,CT,"Western Connecticut Planning Region",06902,US,"City of Stamford",gcod_usnj2vkuspefctve3pmsr92rh5vs6,building_centroid
"461 TACONIC ROAD",STAMFORD,CT,41.142421,-73.632537,0.84,rooftop,"461 Taconic Rd",,"Greenwich, CT 06831",461,"Taconic Rd",,,Greenwich,CT,"Western Connecticut Planning Region",06831,US,"City of Stamford",gcod_usnlqs9r3h2aaar8fz2q2cfr7xj5e,building_centroid
"734 PACIFIC STREET ",STAMFORD,CT,41.041879,-73.538106,1,rooftop,"734 Pacific St",,"Stamford, CT 06902",734,"Pacific St",,,Stamford,CT,"Western Connecticut Planning Region",06902,US,"City of Stamford",gcod_usn7hs5zmzbpne5epxz22kr6puyb8,building_centroid
"1037 HIGH RIDGE ROAD ",STAMFORD,CT,41.106653,-73.547591,1,rooftop,"1037 High Ridge Rd",,"Stamford, CT 06905",1037,"High Ridge Rd",,,Stamford,CT,"Western Connecticut Planning Region",06905,US,"City of Stamford",gcod_usnyvscp4ey3fbqaw9lwgflw95my4,building_centroid
"106 TURN OF RIVER ROAD",STAMFORD,CT,41.106395,-73.546622,1,rooftop,"106 Turn of River Rd",,"Stamford, CT 06905",106,"Turn of River Rd",,,Stamford,CT,"Western Connecticut Planning Region",06905,US,"City of Stamford",gcod_usnj4ayc3fn7wv235hahtegqx3kq5,building_centroid
"616 HOPE STREET #B",STAMFORD,CT,41.0807,-73.522194,1,rooftop,"616 Hope St","Apt B","Stamford, CT 06907",616,"Hope St",Apt,B,Stamford,CT,"Western Connecticut Planning Region",06907,US,"City of Stamford",gcod_usnfkq23mubsxdk3xq9vk5up8gaa9-vsvuag2sxp5pf,building_centroid
"0 TACONIC ROAD",STAMFORD,CT,41.090459,-73.622249,0.84,street_center,"Taconic Rd",,"Greenwich, CT 06831",,"Taconic Rd",,,Greenwich,CT,"Western Connecticut Planning Region",06831,US,"TIGER/Line® dataset from the US Census Bureau",gcod_usslqs9r3h2aaar8,
"180-180 TURN OF RIVER ROAD ",STAMFORD,CT,41.109332,-73.545457,0.99,rooftop,"180 Turn of River Rd",,"Stamford, CT 06905",180,"Turn of River Rd",,,Stamford,CT,"Western Connecticut Planning Region",06905,US,"City of Stamford",gcod_usnj4ayc3fn7wv2332xdbfl6ypsa5,building_centroid
"51-51 SCHUYLER AVENUE",STAMFORD,CT,41.054446,-73.546946,0.99,rooftop,"51 Schuyler Ave",,"Stamford, CT 06902",51,"Schuyler Ave",,,Stamford,CT,"Western Connecticut Planning Region",06902,US,"City of Stamford",gcod_usn2npq23h8lrd567x34r595zr932,building_centroid
"200-200 SEASIDE AVENUE",STAMFORD,CT,41.052163,-73.509077,0.99,rooftop,"200 Seaside Ave",,"Stamford, CT 06902",200,"Seaside Ave",,,Stamford,CT,"Western Connecticut Planning Region",06902,US,"City of Stamford",gcod_usnycqcgtwkxlajb8jw5frlc2qlkd,building_centroid
"83-89 WILLOWBROOK AVENUE",STAMFORD,CT,41.045759,-73.514598,1,rooftop,"83-89 Willowbrook Ave",,"Stamford, CT 06902",83-89,"Willowbrook Ave",,,Stamford,CT,"Western Connecticut Planning Region",06902,US,"Connecticut Geospatial Information Systems Council",gcod_usn8znjht2qgk3ke7xerh56qbc6z9,building_centroid
"1186-1186 HOPE STREET",STAMFORD,CT,41.098975,-73.519776,0.99,rooftop,"1186 Hope St",,"Stamford, CT 06907",1186,"Hope St",,,Stamford,CT,"Western Connecticut Planning Region",06907,US,"City of Stamford",gcod_usnfkq23mubsxdk3ht9nu7bylju9e,building_centroid
"186-186 SEASIDE AVENUE",STAMFORD,CT,41.052653,-73.509152,0.99,rooftop,"186 Seaside Ave",,"Stamford, CT 06902",186,"Seaside Ave",,,Stamford,CT,"Western Connecticut Planning Region",06902,US,"City of Stamford",gcod_usnycqcgtwkxlajbqfpsd79sm98d2,building_centroid
"84-84 WARDWELL STREET",STAMFORD,CT,41.047515,-73.525089,1,rooftop,"84-84 Wardwell St",,"Stamford, CT 06902",84-84,"Wardwell St",,,Stamford,CT,"Western Connecticut Planning Region",06902,US,"Connecticut Geospatial Information Systems Council",gcod_usnznxfxstds6k2a8xsafvygrwqjb,parcel_centroid
"1 SHORE ROAD ",STAMFORD,CT,41.029799,-73.554865,1,rooftop,"1 Shore Rd",,"Stamford, CT 06902",1,"Shore Rd",,,Stamford,CT,"Western Connecticut Planning Region",06902,US,"City of Stamford",gcod_usncr67jbbnw9l8esdv69gg8dg5kf,building_centroid
"43-43 DORA STREET",STAMFORD,CT,41.050786,-73.507485,0.99,rooftop,"43 Dora St",,"Stamford, CT 06902",43,"Dora St",,,Stamford,CT,"Western Connecticut Planning Region",06902,US,"City of Stamford",gcod_usnp6mlbbxmxfp63mr5ujplaaqwv3,building_centroid
"11-11 BELLTOWN ROAD ",STAMFORD,CT,41.076265,-73.530823,0.99,rooftop,"11 Belltown Rd",,"Stamford, CT 06905",11,"Belltown Rd",,,Stamford,CT,"Western Connecticut Planning Region",06905,US,"City of Stamford",gcod_usnpagnzgv8yqnd6mumcz7lrfke96,building_centroid
"0-202 SOUNDVIEW AVENUE ",STAMFORD,CT,41.044228,-73.516578,0.85,rooftop,"202 Soundview Ave",,"Stamford, CT 06902",202,"Soundview Ave",,,Stamford,CT,"Western Connecticut Planning Region",06902,US,"City of Stamford",gcod_usnrwlbcvx25jmu73caejpdazkeda,building_centroid
"1840-1872 FOURTH STREET ",STAMFORD,CT,41.064801,-73.544958,0.92,rooftop,"18 4th St",,"Stamford, CT 06905",18,"4th St",,,Stamford,CT,"Western Connecticut Planning Region",06905,US,"City of Stamford",gcod_usn5fgynzqgmxlf2btvbhqu4ub7ph,building_centroid
"143-143 HOYT STREET ",STAMFORD,CT,41.060428,-73.53461,0.99,rooftop,"143 Hoyt St",,"Stamford, CT 06905",143,"Hoyt St",,,Stamford,CT,"Western Connecticut Planning Region",06905,US,"City of Stamford",gcod_usnewunawf6335f2chabr2c3su872,building_centroid
"68-68 HOPE STREET ",STAMFORD,CT,41.063121,-73.526899,1,rooftop,"68-68 Hope St",,"Stamford, CT 06906",68-68,"Hope St",,,Stamford,CT,"Western Connecticut Planning Region",06906,US,"Connecticut Geospatial Information Systems Council",gcod_usnbl6a8pggekw4763sd3ayl7mtl3,building_centroid
"0-2539 BEDFORD STREET ",STAMFORD,CT,41.070776,-73.544394,0.85,rooftop,"2539 Bedford St",,"Stamford, CT 06905",2539,"Bedford St",,,Stamford,CT,"Western Connecticut Planning Region",06905,US,"City of Stamford",gcod_usnxgapvae5gwy5ds6pd4yxwqh3t6,building_centroid
"2435-2539 BEDFORD STREET",STAMFORD,CT,41.070476,-73.541911,0.99,rooftop,"2435 Bedford St",,"Stamford, CT 06905",2435,"Bedford St",,,Stamford,CT,"Western Connecticut Planning Region",06905,US,"City of Stamford",gcod_usnxgapvae5gwy5dejl3dbcr363kd,building_centroid
"167-167 GROVE STREET ",STAMFORD,CT,41.059664,-73.533222,0.99,rooftop,"167 Grove St",,"Stamford, CT 06901",167,"Grove St",,,Stamford,CT,"Western Connecticut Planning Region",06901,US,"City of Stamford",gcod_usny824txz5fhuw568jlsch438sr5,building_centroid
"2475-2475 SUMMER STREET ",STAMFORD,CT,41.068574,-73.54716,0.99,rooftop,"2475 Summer St",,"Stamford, CT 06905",2475,"Summer St",,,Stamford,CT,"Western Connecticut Planning Region",06905,US,"City of Stamford",gcod_usnfhzebygqbquk7q7u9kjzpksb6h,building_centroid
"19-19 COLONIAL ROAD ",STAMFORD,CT,41.071267,-73.525558,1,rooftop,"19-19 Colonial Rd",,"Stamford, CT 06906",19-19,"Colonial Rd",,,Stamford,CT,"Western Connecticut Planning Region",06906,US,"Connecticut Geospatial Information Systems Council",gcod_usn8bhnwwt3w4a5hwxqygahtdk835,building_centroid
"44-44 COLUMBUS PLACE ",STAMFORD,CT,41.097744,-73.514426,0.99,rooftop,"44 Columbus Pl",,"Stamford, CT 06907",44,"Columbus Pl",,,Stamford,CT,"Western Connecticut Planning Region",06907,US,"City of Stamford",gcod_usn2g5ngj4eyywghhvpan7pvbw592,building_centroid
"45-45 DORA STREET ",STAMFORD,CT,41.050962,-73.507503,0.99,rooftop,"45 Dora St",,"Stamford, CT 06902",45,"Dora St",,,Stamford,CT,"Western Connecticut Planning Region",06902,US,"City of Stamford",gcod_usnp6mlbbxmxfp63jb8kvghayp7m7,building_centroid
"18-18 COURT STREET ",STAMFORD,CT,41.061156,-73.545106,1,rooftop,"18 Court St",,"Stamford, CT 06902",18,"Court St",,,Stamford,CT,"Western Connecticut Planning Region",06902,US,"City of Stamford",gcod_usnyj3kdhjqtd6ndcdt5xp744jn4h,building_centroid
"33-39 ORANGE STREET ",STAMFORD,CT,41.054626,-73.519738,1,rooftop,"33-39 Orange St",,"Stamford, CT 06902",33-39,"Orange St",,,Stamford,CT,"Western Connecticut Planning Region",06902,US,"Connecticut Geospatial Information Systems Council",gcod_usnwse9esdp32nwgkptbj23flmnp6,building_centroid
"463-463 COVE ROAD",STAMFORD,CT,41.048759,-73.5171,0.99,rooftop,"463 Cove Rd",,"Stamford, CT 06902",463,"Cove Rd",,,Stamford,CT,"Western Connecticut Planning Region",06902,US,"City of Stamford",gcod_usnj2vkuspefctve9ns3mjcmkrrhe,building_centroid
"235-235 COVE ROAD",STAMFORD,CT,41.049305,-73.520046,1,rooftop,"235-235 Cove Rd",,"Stamford, CT 06902",235-235,"Cove Rd",,,Stamford,CT,"Western Connecticut Planning Region",06902,US,"Connecticut Geospatial Information Systems Council",gcod_usnj2vkuspefctve3epcxg5rg58q3,parcel_centroid
"20-20 DALY STREET",STAMFORD,CT,41.054399,-73.528173,1,rooftop,"20-20 Daly St",,"Stamford, CT 06902",20-20,"Daly St",,,Stamford,CT,"Western Connecticut Planning Region",06902,US,"Connecticut Geospatial Information Systems Council",gcod_usnxmknfvdmlpphc89e59c7blheng,building_centroid
"3-9 DORA STREET",STAMFORD,CT,41.050437,-73.507597,1,rooftop,"39 Dora St",,"Stamford, CT 06902",39,"Dora St",,,Stamford,CT,"Western Connecticut Planning Region",06902,US,"City of Stamford",gcod_usnp6mlbbxmxfp63jp5mg6l82ewl4,building_centroid
"158-158 SEASIDE AVENUE",STAMFORD,CT,41.053645,-73.509206,1,rooftop,"158-158 Seaside Ave",,"Stamford, CT 06902",158-158,"Seaside Ave",,,Stamford,CT,"Western Connecticut Planning Region",06902,US,"Connecticut Geospatial Information Systems Council",gcod_usnycqcgtwkxlajbkw75gfh9e2ak3,building_centroid
"30-30 ELMCROFT ROAD",STAMFORD,CT,41.040571,-73.536601,0.99,rooftop,"30 Elmcroft Rd",,"Stamford, CT 06902",30,"Elmcroft Rd",,,Stamford,CT,"Western Connecticut Planning Region",06902,US,"City of Stamford",gcod_usn2axfruhv9wwjcsnun4rs25ntw5,building_centroid
"8-8 WARDWELL STREET",STAMFORD,CT,41.049095,-73.525736,0.85,rooftop,"8 Wardwell St",,"Stamford, CT 06902",8,"Wardwell St",,,Stamford,CT,"Western Connecticut Planning Region",06902,US,"City of Stamford",gcod_usnznxfxstds6k2ab7gt8z2n8lru8,building_centroid
"50-50 NORTH STREET",STAMFORD,CT,41.058765,-73.544558,0.99,rooftop,"50 North St",,"Stamford, CT 06902",50,"North St",,,Stamford,CT,"Western Connecticut Planning Region",06902,US,"City of Stamford",gcod_usnbsvcnnmtgsabg8psz9urpbp9t8,building_centroid
"1084-1106 EAST MAIN STREET #MAIN",STAMFORD,CT,41.057687,-73.516046,0.99,rooftop,"1084 E Main St",#,"Stamford, CT 06902",1084,"E Main St",#,,Stamford,CT,"Western Connecticut Planning Region",06902,US,"City of Stamford",gcod_usntvhz3k7qw38ehxslg5y8w3wwy2,building_centroid
"10-10 FOREST LAWN AVENUE",STAMFORD,CT,41.06874,-73.549516,1,rooftop,"10-10 Forest Lawn Ave",,"Stamford, CT 06905",10-10,"Forest Lawn Ave",,,Stamford,CT,"Western Connecticut Planning Region",06905,US,"Connecticut Geospatial Information Systems Council",gcod_usn57kjl6vleedl4p9bftsvj3yrac,building_centroid
"44 PLEASANT STREET",STAMFORD,CT,41.055933,-73.532203,1,rooftop,"44 Pleasant St",,"Stamford, CT 06901",44,"Pleasant St",,,Stamford,CT,"Western Connecticut Planning Region",06901,US,"City of Stamford",gcod_usnzzyq8uwa6cdh827ae56lc26663,building_centroid
"60-60 SEASIDE AVENUE",STAMFORD,CT,41.056909,-73.5103,0.99,rooftop,"60 Seaside Ave",,"Stamford, CT 06902",60,"Seaside Ave",,,Stamford,CT,"Western Connecticut Planning Region",06902,US,"City of Stamford",gcod_usnycqcgtwkxlajbq7f6uz2y27ybc,building_centroid
"49-115 TOP GALLANT ROAD",STAMFORD,CT,41.031628,-73.550225,0.99,rooftop,"49 Top Gallant Rd",,"Stamford, CT 06902",49,"Top Gallant Rd",,,Stamford,CT,"Western Connecticut Planning Region",06902,US,"City of Stamford",gcod_usn4ee559xmh86h5w82m55bptbshg,building_centroid
"141-141 GROVE STREET",STAMFORD,CT,41.058619,-73.533506,1,rooftop,"141-141 Grove St",,"Stamford, CT 06901",141-141,"Grove St",,,Stamford,CT,"Western Connecticut Planning Region",06901,US,"Connecticut Geospatial Information Systems Council",gcod_usnyw6nvzwp3dqcbmblnbf2sy5t6e,building_centroid
"428-436 COURTLAND AVENUE",STAMFORD,CT,41.072395,-73.518031,1,rooftop,"428 Courtland Ave",,"Stamford, CT 06906",428,"Courtland Ave",,,Stamford,CT,"Western Connecticut Planning Region",06906,US,"City of Stamford",gcod_usnzzfbegep32a49wt2mhx7d4mey5,building_centroid
"77-77 GLENBROOK ROAD",STAMFORD,CT,41.057893,-73.528475,0.99,rooftop,"77 Glenbrook Rd",,"Stamford, CT 06902",77,"Glenbrook Rd",,,Stamford,CT,"Western Connecticut Planning Region",06902,US,"City of Stamford",gcod_usnqrk9rbqbd8lvetfavnyvk7u6e7,building_centroid
"48-48 UNION STREET",STAMFORD,CT,41.07458,-73.521271,0.99,rooftop,"48 Union St",,"Stamford, CT 06906",48,"Union St",,,Stamford,CT,"Western Connecticut Planning Region",06906,US,"City of Stamford",gcod_usnh28s5xzeva46dhjly9nkps2qyc,building_centroid
"0-0 MAPLE TREE AVENUE",STAMFORD,CT,41.072115,-73.511294,1,street_center,"Maple Tree Ave",,"Stamford, CT 06906",,"Maple Tree Ave",,,Stamford,CT,"Western Connecticut Planning Region",06906,US,"TIGER/Line® dataset from the US Census Bureau",gcod_usslpm6xtnxdrsme,
"35-35 MAPLE TREE AVENUE",STAMFORD,CT,41.07132,-73.514728,0.99,rooftop,"35 Maple Tree Ave",,"Stamford, CT 06906",35,"Maple Tree Ave",,,Stamford,CT,"Western Connecticut Planning Region",06906,US,"City of Stamford",gcod_usnlpm6xtnxdrsmeaytx24g4h6xe7,building_centroid
"1900-1900 SUMMER STREET",STAMFORD,CT,41.065589,-73.544646,1,rooftop,"1900-1900 Summer St",,"Stamford, CT 06905",1900-1900,"Summer St",,,Stamford,CT,"Western Connecticut Planning Region",06905,US,"Connecticut Geospatial Information Systems Council",gcod_usnfhzebygqbquk72h9wpw6ntgseh,building_centroid
"101-101 GROVE STREET",STAMFORD,CT,41.057465,-73.533637,1,rooftop,"101-101 Grove St",,"Stamford, CT 06901",101-101,"Grove St",,,Stamford,CT,"Western Connecticut Planning Region",06901,US,"Connecticut Geospatial Information Systems Council",gcod_usnyw6nvzwp3dqcb4wbmhgz9fy8zb,building_centroid
"23-37 NELSON STREET",STAMFORD,CT,41.037488,-73.528431,1,rooftop,"23-37 Nelson St",,"Stamford, CT 06902",23-37,"Nelson St",,,Stamford,CT,"Western Connecticut Planning Region",06902,US,"Connecticut Geospatial Information Systems Council",gcod_usn59e97tedlpr69qdzjmkc8xh5s4,building_centroid
"101-101 SEASIDE AVENUE",STAMFORD,CT,41.055459,-73.510321,0.99,rooftop,"101 Seaside Ave",,"Stamford, CT 06902",101,"Seaside Ave",,,Stamford,CT,"Western Connecticut Planning Region",06902,US,"City of Stamford",gcod_usnycqcgtwkxlajbyryfs2wzyt6fc,building_centroid
"95-95 COLUMBUS PLACE",STAMFORD,CT,41.099212,-73.512856,0.99,rooftop,"95 Columbus Pl",,"Stamford, CT 06907",95,"Columbus Pl",,,Stamford,CT,"Western Connecticut Planning Region",06907,US,"City of Stamford",gcod_usn2g5ngj4eyywghpn79rdlcfvh34,building_centroid
"135-135 HIGHVIEW AVENUE",STAMFORD,CT,41.099783,-73.514095,1,rooftop,"135-135 Highview Ave",,"Stamford, CT 06907",135-135,"Highview Ave",,,Stamford,CT,"Western Connecticut Planning Region",06907,US,"Connecticut Geospatial Information Systems Council",gcod_usnftw54ttqqabzd76l5cc5sbzyvg,building_centroid
"45-45 HIGHVIEW AVENUE",STAMFORD,CT,41.097025,-73.515453,1,rooftop,"45-45 Highview Ave",,"Stamford, CT 06907",45-45,"Highview Ave",,,Stamford,CT,"Western Connecticut Planning Region",06907,US,"Connecticut Geospatial Information Systems Council",gcod_usnftw54ttqqabzdef2yzvwt4lcgd,building_centroid
"42-42 HIGHVIEW AVENUE",STAMFORD,CT,41.097053,-73.516395,0.99,rooftop,"42 Highview Ave",,"Stamford, CT 06907",42,"Highview Ave",,,Stamford,CT,"Western Connecticut Planning Region",06907,US,"City of Stamford",gcod_usnftw54ttqqabzdwrd8gxnqt4qt4,building_centroid
"10-10 HOOVER AVENUE",STAMFORD,CT,41.071675,-73.551023,1,rooftop,"10-10 Hoover Ave",,"Stamford, CT 06905",10-10,"Hoover Ave",,,Stamford,CT,"Western Connecticut Planning Region",06905,US,"Connecticut Geospatial Information Systems Council",gcod_usnpjezpkdbj736eysrkkz2qg86g2,building_centroid
"1307-1307 HOPE STREET",STAMFORD,CT,41.101785,-73.516224,0.99,rooftop,"1307 Hope St",,"Stamford, CT 06907",1307,"Hope St",,,Stamford,CT,"Western Connecticut Planning Region",06907,US,"City of Stamford",gcod_usnfkq23mubsxdk3jqj83bs363lb9,building_centroid
"16-16 HOUSTON TERRACE",STAMFORD,CT,41.059369,-73.509107,1,rooftop,"16-16 Houston Ter",,"Stamford, CT 06902",16-16,"Houston Ter",,,Stamford,CT,"Western Connecticut Planning Region",06902,US,"Connecticut Geospatial Information Systems Council",gcod_usntbbumtvbfv2w4zbhyry2kqcrwf,parcel_centroid
"125-125 PROSPECT STREET",STAMFORD,CT,41.05948,-73.534233,0.99,rooftop,"125 Prospect St",,"Stamford, CT 06901",125,"Prospect St",,,Stamford,CT,"Western Connecticut Planning Region",06901,US,"City of Stamford",gcod_usnkqypk4mt5wepavjc4nqcrxu79g,building_centroid
"22-22 KNAPP STREET",STAMFORD,CT,41.094084,-73.519406,0.99,rooftop,"22 Knapp St",,"Stamford, CT 06907",22,"Knapp St",,,Stamford,CT,"Western Connecticut Planning Region",06907,US,"City of Stamford",gcod_usnej5ctgvyx3qqbnkmkxeqyrvvp6,building_centroid
"7 WOODROW STREET",STAMFORD,CT,41.051541,-73.521137,1,rooftop,"7 Woodrow St",,"Stamford, CT 06902",7,"Woodrow St",,,Stamford,CT,"Western Connecticut Planning Region",06902,US,"City of Stamford",gcod_usnet5y2bj5zcsy8l2bc6hltspvad,building_centroid
"116 ROCK SPRING ROAD",STAMFORD,CT,41.068076,-73.528987,1,rooftop,"116 Rock Spring Rd",,"Stamford, CT 06906",116,"Rock Spring Rd",,,Stamford,CT,"Western Connecticut Planning Region",06906,US,"City of Stamford",gcod_usnbwrg3jsgljk7fdv6lzn4drpq2g,building_centroid
"134 WEST AVENUE",STAMFORD,CT,41.048989,-73.557577,1,rooftop,"134 West Ave",,"Stamford, CT 06902",134,"West Ave",,,Stamford,CT,"Western Connecticut Planning Region",06902,US,"City of Stamford",gcod_usnkkg6732v69cpgzqxdzknghpsd4,building_centroid
"34 CASCADE ROAD",STAMFORD,CT,41.139245,-73.542249,1,rooftop,"34 Cascade Rd",,"Stamford, CT 06903",34,"Cascade Rd",,,Stamford,CT,"Western Connecticut Planning Region",06903,US,"City of Stamford",gcod_usnfe84g9tsb6bc63yae2nxagkcz8,building_centroid
"1802 BEDFORD STREET ",STAMFORD,CT,41.066153,-73.542414,1,rooftop,"1802 Bedford St",,"Stamford, CT 06905",1802,"Bedford St",,,Stamford,CT,"Western Connecticut Planning Region",06905,US,"City of Stamford",gcod_usnxgapvae5gwy5dbb26r7usb3rg9,building_centroid
"21 CHESTNUT STREET",STAMFORD,CT,41.057515,-73.548816,1,rooftop,"21 Chestnut St",,"Stamford, CT 06902",21,"Chestnut St",,,Stamford,CT,"Western Connecticut Planning Region",06902,US,"City of Stamford",gcod_usnhqk3aanp2vbacna4tr27dm6yy3,building_centroid
"28 AVERY STREET",STAMFORD,CT,41.047915,-73.50938,1,rooftop,"28 Avery St",,"Stamford, CT 06902",28,"Avery St",,,Stamford,CT,"Western Connecticut Planning Region",06902,US,"City of Stamford",gcod_usnuaplnu8n8pqcctchea3qm74322,building_centroid
"83 MORGAN STREET ",STAMFORD,CT,41.064771,-73.537845,1,rooftop,"83 Morgan St",,"Stamford, CT 06905",83,"Morgan St",,,Stamford,CT,"Western Connecticut Planning Region",06905,US,"City of Stamford",gcod_usndzer39anp6csbjgbjujbqn8jag,building_centroid
"160  GLENBROOK ROAD  #2D",STAMFORD,CT,41.059853,-73.527,1,rooftop,"160 Glenbrook Rd","Unit 2D","Stamford, CT 06902",160,"Glenbrook Rd",Unit,2D,Stamford,CT,"Western Connecticut Planning Region",06902,US,"City of Stamford",gcod_usnqrk9rbqbd8lvev57snanhyhpv8-vwag6mbbl57he,building_centroid
"400 STAMFORD AVENUE",STAMFORD,CT,41.020382,-73.523775,1,rooftop,"400 Stamford Ave",,"Stamford, CT 06902",400,"Stamford Ave",,,Stamford,CT,"Western Connecticut Planning Region",06902,US,"City of Stamford",gcod_usn4pnszm82fp5r5zfk7ykc3n93y7,building_centroid
"42 DYKE LANE",STAMFORD,CT,41.038689,-73.54038,1,rooftop,"42 Dyke Ln",,"Stamford, CT 06902",42,"Dyke Ln",,,Stamford,CT,"Western Connecticut Planning Region",06902,US,"City of Stamford",gcod_usns37r3fkb79xudpv4pvfy7cf9f5,building_centroid
"305 HUBBARD AVENUE",STAMFORD,CT,41.066666,-73.552943,1,rooftop,"305 Hubbard Ave",,"Stamford, CT 06905",305,"Hubbard Ave",,,Stamford,CT,"Western Connecticut Planning Region",06905,US,"City of Stamford",gcod_usnqn6nn8c7punefqjmtx5lnsg7v4,building_centroid
"49 PLEASANT STREET",STAMFORD,CT,41.056235,-73.531653,1,rooftop,"49 Pleasant St",,"Stamford, CT 06901",49,"Pleasant St",,,Stamford,CT,"Western Connecticut Planning Region",06901,US,"City of Stamford",gcod_usnzzyq8uwa6cdh8xxzv32u5935h4,building_centroid
"380 SCOFIELDTOWN ROAD",STAMFORD,CT,41.128937,-73.557446,1,rooftop,"380 Scofieldtown Rd",,"Stamford, CT 06903",380,"Scofieldtown Rd",,,Stamford,CT,"Western Connecticut Planning Region",06903,US,"City of Stamford",gcod_usnvtt7l8g4g3erhcv8jrhw32cyf4,building_centroid
"85 OLD LONG RIDGE ROAD",STAMFORD,CT,41.144478,-73.589021,1,rooftop,"85 Old Long Ridge Rd",,"Stamford, CT 06903",85,"Old Long Ridge Rd",,,Stamford,CT,"Western Connecticut Planning Region",06903,US,"City of Stamford",gcod_usnmwkpcx79yr7me2fmt92kpsdtn6,building_centroid
"85 OLD LONG RIDGE ROAD",STAMFORD,CT,41.144478,-73.589021,1,rooftop,"85 Old Long Ridge Rd",,"Stamford, CT 06903",85,"Old Long Ridge Rd",,,Stamford,CT,"Western Connecticut Planning Region",06903,US,"City of Stamford",gcod_usnmwkpcx79yr7me2fmt92kpsdtn6,building_centroid
"85 OLD LONG RIDGE ROAD",STAMFORD,CT,41.144478,-73.589021,1,rooftop,"85 Old Long Ridge Rd",,"Stamford, CT 06903",85,"Old Long Ridge Rd",,,Stamford,CT,"Western Connecticut Planning Region",06903,US,"City of Stamford",gcod_usnmwkpcx79yr7me2fmt92kpsdtn6,building_centroid
"85 OLD LONG RIDGE ROAD",STAMFORD,CT,41.144478,-73.589021,1,rooftop,"85 Old Long Ridge Rd",,"Stamford, CT 06903",85,"Old Long Ridge Rd",,,Stamford,CT,"Western Connecticut Planning Region",06903,US,"City of Stamford",gcod_usnmwkpcx79yr7me2fmt92kpsdtn6,building_centroid
"85 OLD LONG RIDGE ROAD",STAMFORD,CT,41.144478,-73.589021,1,rooftop,"85 Old Long Ridge Rd",,"Stamford, CT 06903",85,"Old Long Ridge Rd",,,Stamford,CT,"Western Connecticut Planning Region",06903,US,"City of Stamford",gcod_usnmwkpcx79yr7me2fmt92kpsdtn6,building_centroid
"85 OLD LONG RIDGE ROAD",STAMFORD,CT,41.144478,-73.589021,1,rooftop,"85 Old Long Ridge Rd",,"Stamford, CT 06903",85,"Old Long Ridge Rd",,,Stamford,CT,"Western Connecticut Planning Region",06903,US,"City of Stamford",gcod_usnmwkpcx79yr7me2fmt92kpsdtn6,building_centroid
"85 OLD LONG RIDGE ROAD",STAMFORD,CT,41.144478,-73.589021,1,rooftop,"85 Old Long Ridge Rd",,"Stamford, CT 06903",85,"Old Long Ridge Rd",,,Stamford,CT,"Western Connecticut Planning Region",06903,US,"City of Stamford",gcod_usnmwkpcx79yr7me2fmt92kpsdtn6,building_centroid
"85 OLD LONG RIDGE ROAD",STAMFORD,CT,41.144478,-73.589021,1,rooftop,"85 Old Long Ridge Rd",,"Stamford, CT 06903",85,"Old Long Ridge Rd",,,Stamford,CT,"Western Connecticut Planning Region",06903,US,"City of Stamford",gcod_usnmwkpcx79yr7me2fmt92kpsdtn6,building_centroid
"85 OLD LONG RIDGE ROAD",STAMFORD,CT,41.144478,-73.589021,1,rooftop,"85 Old Long Ridge Rd",,"Stamford, CT 06903",85,"Old Long Ridge Rd",,,Stamford,CT,"Western Connecticut Planning Region",06903,US,"City of Stamford",gcod_usnmwkpcx79yr7me2fmt92kpsdtn6,building_centroid
"85 OLD LONG RIDGE ROAD",STAMFORD,CT,41.144478,-73.589021,1,rooftop,"85 Old Long Ridge Rd",,"Stamford, CT 06903",85,"Old Long Ridge Rd",,,Stamford,CT,"Western Connecticut Planning Region",06903,US,"City of Stamford",gcod_usnmwkpcx79yr7me2fmt92kpsdtn6,building_centroid
"85 OLD LONG RIDGE ROAD",STAMFORD,CT,41.144478,-73.589021,1,rooftop,"85 Old Long Ridge Rd",,"Stamford, CT 06903",85,"Old Long Ridge Rd",,,Stamford,CT,"Western Connecticut Planning Region",06903,US,"City of Stamford",gcod_usnmwkpcx79yr7me2fmt92kpsdtn6,building_centroid
"85 OLD LONG RIDGE ROAD",STAMFORD,CT,41.144478,-73.589021,1,rooftop,"85 Old Long Ridge Rd",,"Stamford, CT 06903",85,"Old Long Ridge Rd",,,Stamford,CT,"Western Connecticut Planning Region",06903,US,"City of Stamford",gcod_usnmwkpcx79yr7me2fmt92kpsdtn6,building_centroid
"85 OLD LONG RIDGE ROAD",STAMFORD,CT,41.144478,-73.589021,1,rooftop,"85 Old Long Ridge Rd",,"Stamford, CT 06903",85,"Old Long Ridge Rd",,,Stamford,CT,"Western Connecticut Planning Region",06903,US,"City of Stamford",gcod_usnmwkpcx79yr7me2fmt92kpsdtn6,building_centroid
"85 OLD LONG RIDGE ROAD",STAMFORD,CT,41.144478,-73.589021,1,rooftop,"85 Old Long Ridge Rd",,"Stamford, CT 06903",85,"Old Long Ridge Rd",,,Stamford,CT,"Western Connecticut Planning Region",06903,US,"City of Stamford",gcod_usnmwkpcx79yr7me2fmt92kpsdtn6,building_centroid
"21 CARLISLE PLACE",STAMFORD,CT,41.034813,-73.54909,1,rooftop,"21 Carlisle Pl",,"Stamford, CT 06902",21,"Carlisle Pl",,,Stamford,CT,"Western Connecticut Planning Region",06902,US,"City of Stamford",gcod_usnxwy2khv8n4az9kzge9n8rl9a73,building_centroid
"33 LEEDS STREET",STAMFORD,CT,41.050492,-73.520706,1,rooftop,"33 Leeds St",,"Stamford, CT 06902",33,"Leeds St",,,Stamford,CT,"Western Connecticut Planning Region",06902,US,"City of Stamford",gcod_usn5wgarf2creka7v7g747lu3qjqb,building_centroid
"32 GREENWOOD HILL STREET",STAMFORD,CT,41.052152,-73.547519,1,rooftop,"32 Greenwood Hill St",,"Stamford, CT 06902",32,"Greenwood Hill St",,,Stamford,CT,"Western Connecticut Planning Region",06902,US,"City of Stamford",gcod_usnprg8afujk6j7g6gd3nsfumwwbg,building_centroid
"41 HOPE STREET ",STAMFORD,CT,41.06202,-73.526219,1,rooftop,"41 Hope St",,"Stamford, CT 06906",41,"Hope St",,,Stamford,CT,"Western Connecticut Planning Region",06906,US,"City of Stamford",gcod_usnbl6a8pggekw47gs4hnl8uxq5g5,building_centroid
"51 HOPE STREET",STAMFORD,CT,41.062517,-73.526203,1,rooftop,"51 Hope St",,"Stamford, CT 06906",51,"Hope St",,,Stamford,CT,"Western Connecticut Planning Region",06906,US,"City of Stamford",gcod_usnbl6a8pggekw474dnagh2ftrx5g,building_centroid
"53 HOPE STREET",STAMFORD,CT,41.062668,-73.526015,1,rooftop,"53 Hope St",,"Stamford, CT 06906",53,"Hope St",,,Stamford,CT,"Western Connecticut Planning Region",06906,US,"City of Stamford",gcod_usnbl6a8pggekw47zhypzz52upg6g,building_centroid
"21 DOUGLAS AVENUE",STAMFORD,CT,41.074157,-73.522282,1,rooftop,"21 Douglas Ave",,"Stamford, CT 06906",21,"Douglas Ave",,,Stamford,CT,"Western Connecticut Planning Region",06906,US,"City of Stamford",gcod_usnyb7wmt3hlzzcc2a6dvn3ryu9z7,building_centroid
"68 KANE AVENUE",STAMFORD,CT,41.103979,-73.54441,1,rooftop,"68 Kane Ave",,"Stamford, CT 06905",68,"Kane Ave",,,Stamford,CT,"Western Connecticut Planning Region",06905,US,"City of Stamford",gcod_usnktprecw5c38kdtf2tuqf2scbw2,building_centroid
"637 COVE ROAD #A8",STAMFORD,CT,41.048416,-73.513686,1,rooftop,"637 Cove Rd","Unit A8","Stamford, CT 06902",637,"Cove Rd",Unit,A8,Stamford,CT,"Western Connecticut Planning Region",06902,US,"City of Stamford",gcod_usnj2vkuspefctvexahkanczv9wk2-tj9b8tkkjr2qg,building_centroid
"3 LEDGE TERRACE ",STAMFORD,CT,41.079975,-73.529213,1,range_interpolation,"3 Ledge Ter",,"Stamford, CT 06905",3,"Ledge Ter",,,Stamford,CT,"Western Connecticut Planning Region",06905,US,"TIGER/Line® from the US Census Bureau",gcod_usnzfmjnq9gw9zbcwpdnn68jvtuph,
"0 GUINEA ROAD",STAMFORD,CT,41.097064,-73.594871,1,street_center,"Guinea Rd",,"Stamford, CT 06903",,"Guinea Rd",,,Stamford,CT,"Western Connecticut Planning Region",06903,US,"TIGER/Line® dataset from the US Census Bureau",gcod_usslzbhrkg44h62d,
"66 LOCKWOOD AVENUE",STAMFORD,CT,41.053754,-73.521182,1,rooftop,"66 Lockwood Ave",,"Stamford, CT 06902",66,"Lockwood Ave",,,Stamford,CT,"Western Connecticut Planning Region",06902,US,"City of Stamford",gcod_usnjnsvcabu288cgl9fek93au89k8,building_centroid
"34 TOD LANE",STAMFORD,CT,41.083701,-73.533405,1,range_interpolation,"34 Todd Ln",,"Stamford, CT 06905",34,"Todd Ln",,,Stamford,CT,"Western Connecticut Planning Region",06905,US,"TIGER/Line® from the US Census Bureau",gcod_usnwutzkpxt78x39fmkezwepzlskb,
"46 AVERY STREET",STAMFORD,CT,41.04734,-73.509391,1,rooftop,"46 Avery St",,"Stamford, CT 06902",46,"Avery St",,,Stamford,CT,"Western Connecticut Planning Region",06902,US,"City of Stamford",gcod_usnuaplnu8n8pqccaksdhlp6q9sjb,building_centroid
"241 HAMILTON AVENUE ",STAMFORD,CT,41.06322,-73.512989,1,rooftop,"241 Hamilton Ave",,"Stamford, CT 06902",241,"Hamilton Ave",,,Stamford,CT,"Western Connecticut Planning Region",06902,US,"City of Stamford",gcod_usn32hz5gsk43xc4ba75m4x7ff4u8,building_centroid
"0 SLICE DRIVE",STAMFORD,CT,41.112327,-73.51026,1,street_center,"Slice Dr",,"Stamford, CT 06907",,"Slice Dr",,,Stamford,CT,"Western Connecticut Planning Region",06907,US,"TIGER/Line® dataset from the US Census Bureau",gcod_ussdfahbtyxxffh5,
"95 ELMCROFT ROAD ",STAMFORD,CT,41.038954,-73.538222,1,rooftop,"95 Elmcroft Rd",,"Stamford, CT 06902",95,"Elmcroft Rd",,,Stamford,CT,"Western Connecticut Planning Region",06902,US,"City of Stamford",gcod_usn2axfruhv9wwjclfpfhpxb4peyg,building_centroid
"123 SADDLE ROCK ROAD ",STAMFORD,CT,41.01755,-73.529559,1,rooftop,"123 Saddle Rock Rd",,"Stamford, CT 06902",123,"Saddle Rock Rd",,,Stamford,CT,"Western Connecticut Planning Region",06902,US,"City of Stamford",gcod_usnty4rnzxq33ec4cswvkbh5tn7me,building_centroid
"863 EAST MAIN STREET",STAMFORD,CT,41.055448,-73.525255,1,rooftop,"863 E Main St",,"Stamford, CT 06902",863,"E Main St",,,Stamford,CT,"Western Connecticut Planning Region",06902,US,"City of Stamford",gcod_usntvhz3k7qw38ehdcurmxjbyv5wh,building_centroid
"389 FARMS ROAD",STAMFORD,CT,41.124116,-73.613818,1,range_interpolation,"389 Farms Rd",,"Stamford, CT 06903",389,"Farms Rd",,,Stamford,CT,"Western Connecticut Planning Region",06903,US,"TIGER/Line® from the US Census Bureau",gcod_usnemmmlqarnxwh5makg5vt7wfht9,
"40 EUCLID AVENUE",STAMFORD,CT,41.047519,-73.507322,1,rooftop,"40 Euclid Ave",,"Stamford, CT 06902",40,"Euclid Ave",,,Stamford,CT,"Western Connecticut Planning Region",06902,US,"City of Stamford",gcod_usnbknwvlj7pq5h4hqbsjxbcazw86,building_centroid
"139 ORCHARD STREET ",STAMFORD,CT,41.037907,-73.549535,1,rooftop,"139 Orchard St",,"Stamford, CT 06902",139,"Orchard St",,,Stamford,CT,"Western Connecticut Planning Region",06902,US,"Connecticut Geospatial Information Systems Council",gcod_usnkhytk49treb92spyu39ua35h72,building_centroid
"43 CARRINGTON DRIVE",STAMFORD,CT,41.059563,-73.529838,0.93,rooftop,"43 Arlington Rd",,"Stamford, CT 06902",43,"Arlington Rd",,,Stamford,CT,"Western Connecticut Planning Region",06902,US,"City of Stamford",gcod_usn8xy6nvp5jxvy45np5mpbva49h2,building_centroid
"40 BUNGALOW PARK",STAMFORD,CT,41.055593,-73.511924,1,rooftop,"40 Bungalow Park",,"Stamford, CT 06902",40,"Bungalow Park",,,Stamford,CT,"Western Connecticut Planning Region",06902,US,"City of Stamford",gcod_usn4ffe6q2kjmlb44ygdptblbxyga,building_centroid
"307 WEST MAIN STREET",STAMFORD,CT,41.049201,-73.550678,1,rooftop,"307 W Main St",,"Stamford, CT 06902",307,"W Main St",,,Stamford,CT,"Western Connecticut Planning Region",06902,US,"City of Stamford",gcod_usn5df9j4bcp8gq6qg4uby9rpcsp2,building_centroid
"205 SEASIDE AVENUE",STAMFORD,CT,41.051963,-73.509625,1,rooftop,"205 Seaside Ave",,"Stamford, CT 06902",205,"Seaside Ave",,,Stamford,CT,"Western Connecticut Planning Region",06902,US,"City of Stamford",gcod_usnycqcgtwkxlajb34msq4fv3jjv7,building_centroid
"50 LOCKWOOD AVENUE",STAMFORD,CT,41.054304,-73.521163,1,rooftop,"50 Lockwood Ave",,"Stamford, CT 06902",50,"Lockwood Ave",,,Stamford,CT,"Western Connecticut Planning Region",06902,US,"City of Stamford",gcod_usnjnsvcabu288cglfgysl4ncxgvb,building_centroid
"87 DEAN STREET",STAMFORD,CT,41.045853,-73.50871,1,rooftop,"87 Dean St",,"Stamford, CT 06902",87,"Dean St",,,Stamford,CT,"Western Connecticut Planning Region",06902,US,"City of Stamford",gcod_usn4ly2dnjne6av32bk8ucl5a8yxa,building_centroid
"52 HIGHLAND ROAD ",STAMFORD,CT,41.057539,-73.531867,1,rooftop,"52 Highland Rd",,"Stamford, CT 06902",52,"Highland Rd",,,Stamford,CT,"Western Connecticut Planning Region",06902,US,"City of Stamford",gcod_usnsqupsmw5k5av7ghgm66bkr2hlc,building_centroid
"77 WEBB AVENUE #8",STAMFORD,CT,41.055905,-73.508674,1,rooftop,"77 Webb Ave","Apt 8","Stamford, CT 06902",77,"Webb Ave",Apt,8,Stamford,CT,"Western Connecticut Planning Region",06902,US,"City of Stamford",gcod_usngymgvyfspbq56z4d4qa6fw4na6-ausykcbybbtgc,building_centroid
"241 HAMILTON AVENUE",STAMFORD,CT,41.06322,-73.512989,1,rooftop,"241 Hamilton Ave",,"Stamford, CT 06902",241,"Hamilton Ave",,,Stamford,CT,"Western Connecticut Planning Region",06902,US,"City of Stamford",gcod_usn32hz5gsk43xc4ba75m4x7ff4u8,building_centroid
"154 COLD SPRING ROAD #18",STAMFORD,CT,41.067492,-73.554461,1,rooftop,"154 Cold Spring Rd","Apt 18","Stamford, CT 06905",154,"Cold Spring Rd",Apt,18,Stamford,CT,"Western Connecticut Planning Region",06905,US,"City of Stamford",gcod_usnm2ddqvxs2a3yc5hwgvaf59xeah-sxxbc7p3ln8hc,building_centroid
"10 MARTIN STREET",STAMFORD,CT,41.046473,-73.511136,1,rooftop,"10 Martin St",,"Stamford, CT 06902",10,"Martin St",,,Stamford,CT,"Western Connecticut Planning Region",06902,US,"City of Stamford",gcod_usnp2bktpuk57vydansn6hugnfst4,building_centroid
"322 EAST MIDDLE PATENT ROAD",STAMFORD,CT,41.145165,-73.626313,0.84,rooftop,"322 E Middle Patent Rd",,"Greenwich, CT 06831",322,"E Middle Patent Rd",,,Greenwich,CT,"Western Connecticut Planning Region",06831,US,"City of Stamford",gcod_usn2jxtuw6a7fz5d8h7dq6clbkzdf,building_centroid
"163 CASCADE ROAD",STAMFORD,CT,41.141399,-73.537819,1,rooftop,"163 Cascade Rd",,"Stamford, CT 06903",163,"Cascade Rd",,,Stamford,CT,"Western Connecticut Planning Region",06903,US,"City of Stamford",gcod_usnfe84g9tsb6bc6dmwbrvxktu6k2,building_centroid
"175 CASCADE ROAD ",STAMFORD,CT,41.14178,-73.537787,1,rooftop,"175 Cascade Rd",,"Stamford, CT 06903",175,"Cascade Rd",,,Stamford,CT,"Western Connecticut Planning Region",06903,US,"City of Stamford",gcod_usnfe84g9tsb6bc6jvgh7puvf5e49,building_centroid
"198 EAST MIDDLE PATENT ROAD",STAMFORD,CT,41.127938,-73.550732,0.85,range_interpolation,"198 Middle Ridge Rd",,"Stamford, CT 06903",198,"Middle Ridge Rd",,,Stamford,CT,"Western Connecticut Planning Region",06903,US,"TIGER/Line® from the US Census Bureau",gcod_usngdbghzwa8n7s9vh4vzcv62nnwb,
"555  NEWFIELD AVENUE  #C",STAMFORD,CT,41.078821,-73.533502,1,rooftop,"555 Newfield Ave","# C","Stamford, CT 06905",555,"Newfield Ave",#,C,Stamford,CT,"Western Connecticut Planning Region",06905,US,"City of Stamford",gcod_usn7d5zadgl74sw3gqnqkr3kuw24a-3bkw3dva2et86,building_centroid
"90 MORGAN STREET #108",STAMFORD,CT,41.064443,-73.536585,1,rooftop,"90 Morgan St","Ste 108","Stamford, CT 06905",90,"Morgan St",Ste,108,Stamford,CT,"Western Connecticut Planning Region",06905,US,"City of Stamford",gcod_usn8asx4a2rf3a4h97zu6amsj4lh8-py8qyjklrk99e,building_centroid
"154 COLD SPRING ROAD #22",STAMFORD,CT,41.067492,-73.554461,1,rooftop,"154 Cold Spring Rd","Apt 22","Stamford, CT 06905",154,"Cold Spring Rd",Apt,22,Stamford,CT,"Western Connecticut Planning Region",06905,US,"City of Stamford",gcod_usnm2ddqvxs2a3yc5hwgvaf59xeah-3d7fdl2pts3f7,building_centroid
"85 RIVERSIDE AVENUE",STAMFORD,CT,41.067451,-73.553235,1,rooftop,"85 Riverside Ave",,"Stamford, CT 06905",85,"Riverside Ave",,,Stamford,CT,"Western Connecticut Planning Region",06905,US,"City of Stamford",gcod_usntxh3lmksrs4leckumxv8keza62,building_centroid
"85 CAMP AVENUE #UT16B",STAMFORD,CT,41.09495,-73.514925,1,rooftop,"85 Camp Ave","# UT16B","Stamford, CT 06907",85,"Camp Ave",#,UT16B,Stamford,CT,"Western Connecticut Planning Region",06907,US,"City of Stamford",gcod_usnkjmhqvk3sd7fa6k6jp6eqc476b-fyhbnt2ezfzca,building_centroid
"444 BEDFORD STREET",STAMFORD,CT,41.058154,-73.538335,1,rooftop,"444 Bedford St",,"Stamford, CT 06901",444,"Bedford St",,,Stamford,CT,"Western Connecticut Planning Region",06901,US,"City of Stamford",gcod_usn93nhags26h7xbynzxqtnlplwm2,building_centroid
"850 EAST MAIN STREET #324",STAMFORD,CT,41.055644,-73.526581,1,rooftop,"850 E Main St","Apt 324","Stamford, CT 06902",850,"E Main St",Apt,324,Stamford,CT,"Western Connecticut Planning Region",06902,US,"City of Stamford",gcod_usntvhz3k7qw38eh8w8lcrce5un23-2enaf7p6mqh9g,building_centroid
"850 EAST MAIN STREET #521",STAMFORD,CT,41.055644,-73.526581,1,rooftop,"850 E Main St","Apt 521","Stamford, CT 06902",850,"E Main St",Apt,521,Stamford,CT,"Western Connecticut Planning Region",06902,US,"City of Stamford",gcod_usntvhz3k7qw38eh8w8lcrce5un23-hhqg9x36jbvw5,building_centroid
"850 EAST MAIN STREET #505",STAMFORD,CT,41.055644,-73.526581,1,rooftop,"850 E Main St","Apt 505","Stamford, CT 06902",850,"E Main St",Apt,505,Stamford,CT,"Western Connecticut Planning Region",06902,US,"City of Stamford",gcod_usntvhz3k7qw38eh8w8lcrce5un23-j9d4ns5hbfgq4,building_centroid
"674 EAST MAIN STREET",STAMFORD,CT,41.054516,-73.531521,1,range_interpolation,"674 E Main St",,"Stamford, CT 06902",674,"E Main St",,,Stamford,CT,"Western Connecticut Planning Region",06902,US,"TIGER/Line® from the US Census Bureau",gcod_usntvhz3k7qw38eh6arjru5sdr7l7,
"509 GLENBROOK ROAD ",STAMFORD,CT,41.07079,-73.520241,1,rooftop,"509 Glenbrook Rd",,"Stamford, CT 06906",509,"Glenbrook Rd",,,Stamford,CT,"Western Connecticut Planning Region",06906,US,"City of Stamford",gcod_usnta7zqter5yv9f64mn38najddke,building_centroid
"32 HIGHVIEW AVENUE",STAMFORD,CT,41.096516,-73.516136,1,rooftop,"32 Highview Ave",,"Stamford, CT 06907",32,"Highview Ave",,,Stamford,CT,"Western Connecticut Planning Region",06907,US,"City of Stamford",gcod_usnftw54ttqqabzdxxgr245aslt73,building_centroid
"100 HOPE STREET",STAMFORD,CT,41.064113,-73.526901,1,rooftop,"100 Hope St",,"Stamford, CT 06906",100,"Hope St",,,Stamford,CT,"Western Connecticut Planning Region",06906,US,"City of Stamford",gcod_usnbl6a8pggekw47uca6szwmbszs7,building_centroid
"125 LAWN AVENUE",STAMFORD,CT,41.060402,-73.517373,1,rooftop,"125 Lawn Ave",,"Stamford, CT 06902",125,"Lawn Ave",,,Stamford,CT,"Western Connecticut Planning Region",06902,US,"City of Stamford",gcod_usn4ymee33fq6thdpu9cc325acdfb,building_centroid
"82 WEED HILL AVENUE",STAMFORD,CT,41.097527,-73.524053,1,rooftop,"82 Weed Hill Ave",,"Stamford, CT 06907",82,"Weed Hill Ave",,,Stamford,CT,"Western Connecticut Planning Region",06907,US,"City of Stamford",gcod_usnrza6pq4gc3yv995kr82p2jt573,building_centroid
"9 VIADUCT ROAD ",STAMFORD,CT,41.0789,-73.52057,1,rooftop,"9 Viaduct Rd",,"Stamford, CT 06907",9,"Viaduct Rd",,,Stamford,CT,"Western Connecticut Planning Region",06907,US,"City of Stamford",gcod_usn5hldge7zuhy484pggv5fwsyjtg,building_centroid
"82 PERSHING AVENUE",STAMFORD,CT,41.083604,-73.528596,1,rooftop,"82 Pershing Ave",,"Stamford, CT 06905",82,"Pershing Ave",,,Stamford,CT,"Western Connecticut Planning Region",06905,US,"City of Stamford",gcod_usnhh3yntdvueefdvcxxbuj4enqg3,building_centroid
"833 SUMMER STREET ",STAMFORD,CT,41.058995,-73.539674,1,rooftop,"833 Summer St",,"Stamford, CT 06901",833,"Summer St",,,Stamford,CT,"Western Connecticut Planning Region",06901,US,"City of Stamford",gcod_usnmr5ypz5p8ae5az7eyzpvlmbbw5,building_centroid
"833 SUMMER STREET ",STAMFORD,CT,41.058995,-73.539674,1,rooftop,"833 Summer St",,"Stamford, CT 06901",833,"Summer St",,,Stamford,CT,"Western Connecticut Planning Region",06901,US,"City of Stamford",gcod_usnmr5ypz5p8ae5az7eyzpvlmbbw5,building_centroid
"87 GLENBROOK ROAD",STAMFORD,CT,41.058172,-73.528218,1,rooftop,"87 Glenbrook Rd",,"Stamford, CT 06902",87,"Glenbrook Rd",,,Stamford,CT,"Western Connecticut Planning Region",06902,US,"City of Stamford",gcod_usnqrk9rbqbd8lvepe4e3dv3yjakf,building_centroid
"87 GLENBROOK ROAD",STAMFORD,CT,41.058172,-73.528218,1,rooftop,"87 Glenbrook Rd",,"Stamford, CT 06902",87,"Glenbrook Rd",,,Stamford,CT,"Western Connecticut Planning Region",06902,US,"City of Stamford",gcod_usnqrk9rbqbd8lvepe4e3dv3yjakf,building_centroid
"51 SCHUYLER AVENUE",STAMFORD,CT,41.054446,-73.546946,1,rooftop,"51 Schuyler Ave",,"Stamford, CT 06902",51,"Schuyler Ave",,,Stamford,CT,"Western Connecticut Planning Region",06902,US,"City of Stamford",gcod_usn2npq23h8lrd567x34r595zr932,building_centroid
"51 SCHUYLER AVENUE",STAMFORD,CT,41.054446,-73.546946,1,rooftop,"51 Schuyler Ave",,"Stamford, CT 06902",51,"Schuyler Ave",,,Stamford,CT,"Western Connecticut Planning Region",06902,US,"City of Stamford",gcod_usn2npq23h8lrd567x34r595zr932,building_centroid
"51 SCHUYLER AVENUE",STAMFORD,CT,41.054446,-73.546946,1,rooftop,"51 Schuyler Ave",,"Stamford, CT 06902",51,"Schuyler Ave",,,Stamford,CT,"Western Connecticut Planning Region",06902,US,"City of Stamford",gcod_usn2npq23h8lrd567x34r595zr932,building_centroid
"91 STRAWBERRY HILL AVENUE",STAMFORD,CT,41.063871,-73.532292,1,rooftop,"91 Strawberry Hill Ave",,"Stamford, CT 06902",91,"Strawberry Hill Ave",,,Stamford,CT,"Western Connecticut Planning Region",06902,US,"City of Stamford",gcod_usnte84mnkbs247empjv5rweqjshc,building_centroid
"257 GREYROCK PLACE ",STAMFORD,CT,41.057447,-73.534486,1,rooftop,"257 Greyrock Pl",,"Stamford, CT 06901",257,"Greyrock Pl",,,Stamford,CT,"Western Connecticut Planning Region",06901,US,"City of Stamford",gcod_usnth6b3pbf9krj8ah6xp6apy3a8f,building_centroid
"257 GREYROCK PLACE ",STAMFORD,CT,41.057447,-73.534486,1,rooftop,"257 Greyrock Pl",,"Stamford, CT 06901",257,"Greyrock Pl",,,Stamford,CT,"Western Connecticut Planning Region",06901,US,"City of Stamford",gcod_usnth6b3pbf9krj8ah6xp6apy3a8f,building_centroid
"257 GREYROCK PLACE ",STAMFORD,CT,41.057447,-73.534486,1,rooftop,"257 Greyrock Pl",,"Stamford, CT 06901",257,"Greyrock Pl",,,Stamford,CT,"Western Connecticut Planning Region",06901,US,"City of Stamford",gcod_usnth6b3pbf9krj8ah6xp6apy3a8f,building_centroid
"0 BARN HILL ROAD",STAMFORD,CT,41.095884,-73.562452,0.93,street_center,"Barnes Rd",,"Stamford, CT 06902",,"Barnes Rd",,,Stamford,CT,"Western Connecticut Planning Region",06902,US,"TIGER/Line® dataset from the US Census Bureau",gcod_usss2ewrdcbhbmxe,
"425 JUNE ROAD",STAMFORD,CT,41.110933,-73.600749,1,rooftop,"425 June Rd",,"Stamford, CT 06903",425,"June Rd",,,Stamford,CT,"Western Connecticut Planning Region",06903,US,"City of Stamford",gcod_usndu6smyecd92t77npztxar6edm9,building_centroid
"813 ATLANTIC STREET",STAMFORD,CT,41.042856,-73.541941,1,rooftop,"813 Atlantic St",,"Stamford, CT 06902",813,"Atlantic St",,,Stamford,CT,"Western Connecticut Planning Region",06902,US,"City of Stamford",gcod_usn9rjug5jqvp9d8xfptuz6u3rfc2,building_centroid
"30 IROQUOIS ROAD",STAMFORD,CT,41.037109,-73.526312,1,rooftop,"30 Iroquois Rd",,"Stamford, CT 06902",30,"Iroquois Rd",,,Stamford,CT,"Western Connecticut Planning Region",06902,US,"City of Stamford",gcod_usn75myuk2ajs7wbq8hhvt2t8ptmg,building_centroid
"58 QUINTARD TERRACE",STAMFORD,CT,41.057565,-73.525879,1,rooftop,"58 Quintard Ter",,"Stamford, CT 06902",58,"Quintard Ter",,,Stamford,CT,"Western Connecticut Planning Region",06902,US,"City of Stamford",gcod_usnlq5atva75k3xd6n7udmwxmsjtb,building_centroid
"805 ATLANTIC STREET",STAMFORD,CT,41.043378,-73.541887,1,rooftop,"805 Atlantic St",,"Stamford, CT 06902",805,"Atlantic St",,,Stamford,CT,"Western Connecticut Planning Region",06902,US,"City of Stamford",gcod_usn9rjug5jqvp9d8petb5hjbdpead,building_centroid
"39 PLYMOUTH ROAD",STAMFORD,CT,41.069542,-73.528529,1,rooftop,"39 Plymouth Rd",,"Stamford, CT 06906",39,"Plymouth Rd",,,Stamford,CT,"Western Connecticut Planning Region",06906,US,"City of Stamford",gcod_usnlwrhnnl4rghhbj8gh36e7pyyx5,building_centroid
"24 DALE PLACE",STAMFORD,CT,41.077848,-73.527992,1,rooftop,"24 Dale Pl",,"Stamford, CT 06906",24,"Dale Pl",,,Stamford,CT,"Western Connecticut Planning Region",06906,US,"City of Stamford",gcod_usnaj4pzg5g5cbz5drquycpy2kc2g,building_centroid
"29 SCOFIELD AVENUE ",STAMFORD,CT,41.06912,-73.525162,1,rooftop,"29 Scofield Ave",,"Stamford, CT 06906",29,"Scofield Ave",,,Stamford,CT,"Western Connecticut Planning Region",06906,US,"City of Stamford",gcod_usntp3xb4sdeljef7avjnnzlztem2,building_centroid
"20 VICTORY STREET",STAMFORD,CT,41.047475,-73.554887,1,rooftop,"20 Victory St",,"Stamford, CT 06902",20,"Victory St",,,Stamford,CT,"Western Connecticut Planning Region",06902,US,"City of Stamford",gcod_usnd6tzvz2wl7begr5fnrx9ssmb83,building_centroid
"72 STANDISH ROAD",STAMFORD,CT,41.05866,-73.514608,1,rooftop,"72 Standish Rd",,"Stamford, CT 06902",72,"Standish Rd",,,Stamford,CT,"Western Connecticut Planning Region",06902,US,"City of Stamford",gcod_usnq7kek7f9g5fmdahhr2wwt9wq6d,building_centroid
"215 SEATON ROAD #26-F1",STAMFORD,CT,41.05987,-73.515526,1,rooftop,"215 Seaton Rd","# 26","Stamford, CT 06902",215,"Seaton Rd",#,26,Stamford,CT,"Western Connecticut Planning Region",06902,US,"City of Stamford",gcod_usn6g84mv6eqjl78ul54tlxr99tp6-p4vb8h5ymwz52,building_centroid
"45 LUND AVENUE",STAMFORD,CT,41.097716,-73.53005,1,rooftop,"45 Lund Ave",,"Stamford, CT 06907",45,"Lund Ave",,,Stamford,CT,"Western Connecticut Planning Region",06907,US,"City of Stamford",gcod_usnw9fkp44b2et4d6xxmc66yutxm9,building_centroid
"27 STANDISH ROAD",STAMFORD,CT,41.05785,-73.516735,1,rooftop,"27 Standish Rd",,"Stamford, CT 06902",27,"Standish Rd",,,Stamford,CT,"Western Connecticut Planning Region",06902,US,"City of Stamford",gcod_usnq7kek7f9g5fmd72v56qb7l6dkh,building_centroid
"57 DEAN STREET #UT 5",STAMFORD,CT,41.046879,-73.508776,1,rooftop,"57 Dean St","# UT","Stamford, CT 06902",57,"Dean St",#,UT,Stamford,CT,"Western Connecticut Planning Region",06902,US,"City of Stamford",gcod_usn4ly2dnjne6av35pd8zscs767df-59aqxu3wt8vdh,building_centroid
"57 DEAN STREET #UT 1",STAMFORD,CT,41.046879,-73.508776,1,rooftop,"57 Dean St","# UT","Stamford, CT 06902",57,"Dean St",#,UT,Stamford,CT,"Western Connecticut Planning Region",06902,US,"City of Stamford",gcod_usn4ly2dnjne6av35pd8zscs767df-59aqxu3wt8vdh,building_centroid
"57 DEAN STREET #UT 2",STAMFORD,CT,41.046879,-73.508776,1,rooftop,"57 Dean St","# UT","Stamford, CT 06902",57,"Dean St",#,UT,Stamford,CT,"Western Connecticut Planning Region",06902,US,"City of Stamford",gcod_usn4ly2dnjne6av35pd8zscs767df-59aqxu3wt8vdh,building_centroid
"57 DEAN STREET #UT 3",STAMFORD,CT,41.046879,-73.508776,1,rooftop,"57 Dean St","# UT","Stamford, CT 06902",57,"Dean St",#,UT,Stamford,CT,"Western Connecticut Planning Region",06902,US,"City of Stamford",gcod_usn4ly2dnjne6av35pd8zscs767df-59aqxu3wt8vdh,building_centroid
"57 DEAN STREET #UT 4",STAMFORD,CT,41.046879,-73.508776,1,rooftop,"57 Dean St","# UT","Stamford, CT 06902",57,"Dean St",#,UT,Stamford,CT,"Western Connecticut Planning Region",06902,US,"City of Stamford",gcod_usn4ly2dnjne6av35pd8zscs767df-59aqxu3wt8vdh,building_centroid
"119  FOREST STREET  #UT 4",STAMFORD,CT,41.056383,-73.532583,1,rooftop,"119 Forest St","# UT","Stamford, CT 06901",119,"Forest St",#,UT,Stamford,CT,"Western Connecticut Planning Region",06901,US,"City of Stamford",gcod_usnb274rsjhswc4drwwcp8u8jtuhg-qzkcf52vzsz48,building_centroid
"279 EAST MIDDLE PATENT ROAD",STAMFORD,CT,41.143709,-73.624242,0.84,rooftop,"279 E Middle Patent Rd",,"Greenwich, CT 06831",279,"E Middle Patent Rd",,,Greenwich,CT,"Western Connecticut Planning Region",06831,US,"City of Stamford",gcod_usn2jxtuw6a7fz5d7bhxnnfs35336,building_centroid
"109 FOREST STREET #UT4",STAMFORD,CT,41.056319,-73.532925,1,rooftop,"109 Forest St","Apt 4","Stamford, CT 06901",109,"Forest St",Apt,4,Stamford,CT,"Western Connecticut Planning Region",06901,US,"City of Stamford",gcod_usnb274rsjhswc4dmulwam7xbcxq3-w86lefzp76abd,building_centroid
"109 FOREST STREET #UT10",STAMFORD,CT,41.056319,-73.532925,1,rooftop,"109 Forest St","Apt 10","Stamford, CT 06901",109,"Forest St",Apt,10,Stamford,CT,"Western Connecticut Planning Region",06901,US,"City of Stamford",gcod_usnb274rsjhswc4dmulwam7xbcxq3-ue3xxydrql2xe,building_centroid
"778 LONG RIDGE ROAD #UT B",STAMFORD,CT,41.095358,-73.564735,1,rooftop,"778 Long Ridge Rd","# UT","Stamford, CT 06902",778,"Long Ridge Rd",#,UT,Stamford,CT,"Western Connecticut Planning Region",06902,US,"City of Stamford",gcod_usnbmu4zwj4jkz9c8yfhvfkpmsqjf-xj4kw9ef775h7,building_centroid
"501  WEST MAIN STREET  #UT1A",STAMFORD,CT,41.054273,-73.535014,1,range_interpolation,"501 Main St","# UT1A","Stamford, CT 06901",501,"Main St",#,UT1A,Stamford,CT,"Western Connecticut Planning Region",06901,US,"TIGER/Line® from the US Census Bureau",gcod_usncz3dhtlltc5y9hw7rrcn9gz3ac,
"501  WEST MAIN STREET  #UT1B",STAMFORD,CT,41.054273,-73.535014,1,range_interpolation,"501 Main St","# UT1B","Stamford, CT 06901",501,"Main St",#,UT1B,Stamford,CT,"Western Connecticut Planning Region",06901,US,"TIGER/Line® from the US Census Bureau",gcod_usncz3dhtlltc5y9hw7rrcn9gz3ac,
"501  WEST MAIN STREET  #UT1F",STAMFORD,CT,41.054273,-73.535014,1,range_interpolation,"501 Main St","# UT1F","Stamford, CT 06901",501,"Main St",#,UT1F,Stamford,CT,"Western Connecticut Planning Region",06901,US,"TIGER/Line® from the US Census Bureau",gcod_usncz3dhtlltc5y9hw7rrcn9gz3ac,
"501  WEST MAIN STREET  #UT2B",STAMFORD,CT,41.054273,-73.535014,1,range_interpolation,"501 Main St","# UT2B","Stamford, CT 06901",501,"Main St",#,UT2B,Stamford,CT,"Western Connecticut Planning Region",06901,US,"TIGER/Line® from the US Census Bureau",gcod_usncz3dhtlltc5y9hw7rrcn9gz3ac,
"501 WEST MAIN STREET #UT3H",STAMFORD,CT,41.054273,-73.535014,1,range_interpolation,"501 Main St","# UT3H","Stamford, CT 06901",501,"Main St",#,UT3H,Stamford,CT,"Western Connecticut Planning Region",06901,US,"TIGER/Line® from the US Census Bureau",gcod_usncz3dhtlltc5y9hw7rrcn9gz3ac,
"501  WEST MAIN STREET  #UT3E",STAMFORD,CT,41.054273,-73.535014,1,range_interpolation,"501 Main St","# UT3E","Stamford, CT 06901",501,"Main St",#,UT3E,Stamford,CT,"Western Connecticut Planning Region",06901,US,"TIGER/Line® from the US Census Bureau",gcod_usncz3dhtlltc5y9hw7rrcn9gz3ac,
"501  WEST MAIN STREET  #UT3D",STAMFORD,CT,41.054273,-73.535014,1,range_interpolation,"501 Main St","# UT3D","Stamford, CT 06901",501,"Main St",#,UT3D,Stamford,CT,"Western Connecticut Planning Region",06901,US,"TIGER/Line® from the US Census Bureau",gcod_usncz3dhtlltc5y9hw7rrcn9gz3ac,
"501  WEST MAIN STREET  #UT3A",STAMFORD,CT,41.054273,-73.535014,1,range_interpolation,"501 Main St","# UT3A","Stamford, CT 06901",501,"Main St",#,UT3A,Stamford,CT,"Western Connecticut Planning Region",06901,US,"TIGER/Line® from the US Census Bureau",gcod_usncz3dhtlltc5y9hw7rrcn9gz3ac,
"501  WEST MAIN STREET  #UT2H",STAMFORD,CT,41.054273,-73.535014,1,range_interpolation,"501 Main St","# UT2H","Stamford, CT 06901",501,"Main St",#,UT2H,Stamford,CT,"Western Connecticut Planning Region",06901,US,"TIGER/Line® from the US Census Bureau",gcod_usncz3dhtlltc5y9hw7rrcn9gz3ac,
"501  WEST MAIN STREET  #UT2E",STAMFORD,CT,41.054273,-73.535014,1,range_interpolation,"501 Main St","# UT2E","Stamford, CT 06901",501,"Main St",#,UT2E,Stamford,CT,"Western Connecticut Planning Region",06901,US,"TIGER/Line® from the US Census Bureau",gcod_usncz3dhtlltc5y9hw7rrcn9gz3ac,
"501  WEST MAIN STREET  #UT1D",STAMFORD,CT,41.054273,-73.535014,1,range_interpolation,"501 Main St","# UT1D","Stamford, CT 06901",501,"Main St",#,UT1D,Stamford,CT,"Western Connecticut Planning Region",06901,US,"TIGER/Line® from the US Census Bureau",gcod_usncz3dhtlltc5y9hw7rrcn9gz3ac,
"501  WEST MAIN STREET  #UT2D",STAMFORD,CT,41.054273,-73.535014,1,range_interpolation,"501 Main St","# UT2D","Stamford, CT 06901",501,"Main St",#,UT2D,Stamford,CT,"Western Connecticut Planning Region",06901,US,"TIGER/Line® from the US Census Bureau",gcod_usncz3dhtlltc5y9hw7rrcn9gz3ac,
"501  WEST MAIN STREET  #UT2A",STAMFORD,CT,41.054273,-73.535014,1,range_interpolation,"501 Main St","# UT2A","Stamford, CT 06901",501,"Main St",#,UT2A,Stamford,CT,"Western Connecticut Planning Region",06901,US,"TIGER/Line® from the US Census Bureau",gcod_usncz3dhtlltc5y9hw7rrcn9gz3ac,
"501  WEST MAIN STREET  #UT1H",STAMFORD,CT,41.054273,-73.535014,1,range_interpolation,"501 Main St","# UT1H","Stamford, CT 06901",501,"Main St",#,UT1H,Stamford,CT,"Western Connecticut Planning Region",06901,US,"TIGER/Line® from the US Census Bureau",gcod_usncz3dhtlltc5y9hw7rrcn9gz3ac,
"501  WEST MAIN STREET  #UT1E",STAMFORD,CT,41.054273,-73.535014,1,range_interpolation,"501 Main St","# UT1E","Stamford, CT 06901",501,"Main St",#,UT1E,Stamford,CT,"Western Connecticut Planning Region",06901,US,"TIGER/Line® from the US Census Bureau",gcod_usncz3dhtlltc5y9hw7rrcn9gz3ac,
"286 GREENWICH AVENUE",STAMFORD,CT,41.041704,-73.547553,1,rooftop,"286 Greenwich Ave",,"Stamford, CT 06902",286,"Greenwich Ave",,,Stamford,CT,"Western Connecticut Planning Region",06902,US,"City of Stamford",gcod_usnyd6a59b34xks3l862gtvcpgq9h,building_centroid
"633 SHIPPAN AVENUE ",STAMFORD,CT,41.043093,-73.524761,1,rooftop,"633 Shippan Ave",,"Stamford, CT 06902",633,"Shippan Ave",,,Stamford,CT,"Western Connecticut Planning Region",06902,US,"City of Stamford",gcod_usn79qs6gl8nng5ev8le9rb5xzfbd,building_centroid
"151 SEASIDE AVENUE",STAMFORD,CT,41.053759,-73.509852,1,rooftop,"151 Seaside Ave",,"Stamford, CT 06902",151,"Seaside Ave",,,Stamford,CT,"Western Connecticut Planning Region",06902,US,"City of Stamford",gcod_usnycqcgtwkxlajbljwxyckfz8hc6,building_centroid
"0 TAFF AVENUE ",STAMFORD,CT,41.038461,-73.548434,1,street_center,"Taff Ave",,"Stamford, CT 06902",,"Taff Ave",,,Stamford,CT,"Western Connecticut Planning Region",06902,US,"TIGER/Line® dataset from the US Census Bureau",gcod_ussavenlr6jj7fmb,
"1093 SHIPPAN AVENUE ",STAMFORD,CT,41.037273,-73.52784,1,rooftop,"1093 Shippan Ave",,"Stamford, CT 06902",1093,"Shippan Ave",,,Stamford,CT,"Western Connecticut Planning Region",06902,US,"City of Stamford",gcod_usn79qs6gl8nng5evr32cpgr5m8yb,building_centroid
"108 SEASIDE AVENUE #8",STAMFORD,CT,41.055209,-73.509654,1,rooftop,"108 Seaside Ave","Apt 8","Stamford, CT 06902",108,"Seaside Ave",Apt,8,Stamford,CT,"Western Connecticut Planning Region",06902,US,"City of Stamford",gcod_usnycqcgtwkxlajbnrzhfkjwtvlfg-e6npvv7j57qq6,building_centroid
"366 OCEAN DRIVE WEST",STAMFORD,CT,41.021354,-73.526329,1,rooftop,"366 Ocean Dr W",,"Stamford, CT 06902",366,"Ocean Dr W",,,Stamford,CT,"Western Connecticut Planning Region",06902,US,"City of Stamford",gcod_usnknd2krdghaz8284zzg9dd2a4z7,building_centroid
"125 PROSPECT STREET",STAMFORD,CT,41.05948,-73.534233,1,rooftop,"125 Prospect St",,"Stamford, CT 06901",125,"Prospect St",,,Stamford,CT,"Western Connecticut Planning Region",06901,US,"City of Stamford",gcod_usnkqypk4mt5wepavjc4nqcrxu79g,building_centroid
"63 HOPE STREET",STAMFORD,CT,41.062988,-73.525396,1,rooftop,"63 Hope St",,"Stamford, CT 06906",63,"Hope St",,,Stamford,CT,"Western Connecticut Planning Region",06906,US,"City of Stamford",gcod_usnbl6a8pggekw47zml5gjckaeyq6,building_centroid
"75 HOPE STREET",STAMFORD,CT,41.063117,-73.526196,1,rooftop,"75 Hope St",,"Stamford, CT 06906",75,"Hope St",,,Stamford,CT,"Western Connecticut Planning Region",06906,US,"City of Stamford",gcod_usnbl6a8pggekw474x2lfn2bvleb8,building_centroid
"44 STRAWBERRY HILL AVENUE ",STAMFORD,CT,41.061481,-73.53409,1,rooftop,"44 Strawberry Hill Ave",,"Stamford, CT 06902",44,"Strawberry Hill Ave",,,Stamford,CT,"Western Connecticut Planning Region",06902,US,"City of Stamford",gcod_usnte84mnkbs247etjlu4zfa74llf,building_centroid
"659 HOPE STREET",STAMFORD,CT,41.08185,-73.520529,1,rooftop,"659 Hope St",,"Stamford, CT 06907",659,"Hope St",,,Stamford,CT,"Western Connecticut Planning Region",06907,US,"City of Stamford",gcod_usnfkq23mubsxdk3ypsvrk7pqunt9,building_centroid
"237 OAKLAWN AVENUE",STAMFORD,CT,41.078452,-73.542544,1,rooftop,"237 Oaklawn Ave",,"Stamford, CT 06905",237,"Oaklawn Ave",,,Stamford,CT,"Western Connecticut Planning Region",06905,US,"City of Stamford",gcod_usn4ezrl4mhwpkr7h7f75nf8czfv5,building_centroid
"637 COVE ROAD ",STAMFORD,CT,41.048416,-73.513686,1,rooftop,"637 Cove Rd",,"Stamford, CT 06902",637,"Cove Rd",,,Stamford,CT,"Western Connecticut Planning Region",06902,US,"City of Stamford",gcod_usnj2vkuspefctvexahkanczv9wk2,building_centroid
"445 FAIRFIELD AVENUE ",STAMFORD,CT,41.036637,-73.552252,1,rooftop,"445 Fairfield Ave",,"Stamford, CT 06902",445,"Fairfield Ave",,,Stamford,CT,"Western Connecticut Planning Region",06902,US,"City of Stamford",gcod_usnbau5kw53kfcehwcx6n4g3vd5b4,building_centroid
"700 EAST MAIN STREET ",STAMFORD,CT,41.054773,-73.532253,1,rooftop,"700 E Main St",,"Stamford, CT 06901",700,"E Main St",,,Stamford,CT,"Western Connecticut Planning Region",06901,US,"City of Stamford",gcod_usnpb6s6n62belc5ltcl8vxuqu67e,building_centroid
"77 GLENBROOK ROAD",STAMFORD,CT,41.057893,-73.528475,1,rooftop,"77 Glenbrook Rd",,"Stamford, CT 06902",77,"Glenbrook Rd",,,Stamford,CT,"Western Connecticut Planning Region",06902,US,"City of Stamford",gcod_usnqrk9rbqbd8lvetfavnyvk7u6e7,building_centroid
"1150 SUMMER STREET ",STAMFORD,CT,41.060782,-73.541477,1,rooftop,"1150 Summer St",,"Stamford, CT 06905",1150,"Summer St",,,Stamford,CT,"Western Connecticut Planning Region",06905,US,"City of Stamford",gcod_usnfhzebygqbquk7xjhmjus6v5wu4,building_centroid
"52 DYKE LANE",STAMFORD,CT,41.038278,-73.540043,1,rooftop,"52 Dyke Ln",,"Stamford, CT 06902",52,"Dyke Ln",,,Stamford,CT,"Western Connecticut Planning Region",06902,US,"City of Stamford",gcod_usns37r3fkb79xudeda7ph754ejnf,building_centroid
"83 COURTLAND AVENUE",STAMFORD,CT,41.062276,-73.512661,1,rooftop,"83 Courtland Ave",,"Stamford, CT 06902",83,"Courtland Ave",,,Stamford,CT,"Western Connecticut Planning Region",06902,US,"City of Stamford",gcod_usn4tkn9nm53kxl9jm2x3qavrkvxf,building_centroid
"57 ELAINE DRIVE",STAMFORD,CT,41.088118,-73.557306,1,rooftop,"57 Elaine Dr",,"Stamford, CT 06902",57,"Elaine Dr",,,Stamford,CT,"Western Connecticut Planning Region",06902,US,"City of Stamford",gcod_usnt2w69qmjnzvxh45fddv39ac3s5,building_centroid
"140 GROVE STREET",STAMFORD,CT,41.058766,-73.534164,1,rooftop,"140 Grove St",,"Stamford, CT 06901",140,"Grove St",,,Stamford,CT,"Western Connecticut Planning Region",06901,US,"City of Stamford",gcod_usnyw6nvzwp3dqcbanzt6ejjxqzr3,building_centroid
"140 GROVE STREET",STAMFORD,CT,41.058766,-73.534164,1,rooftop,"140 Grove St",,"Stamford, CT 06901",140,"Grove St",,,Stamford,CT,"Western Connecticut Planning Region",06901,US,"City of Stamford",gcod_usnyw6nvzwp3dqcbanzt6ejjxqzr3,building_centroid
"140 GROVE STREET",STAMFORD,CT,41.058766,-73.534164,1,rooftop,"140 Grove St",,"Stamford, CT 06901",140,"Grove St",,,Stamford,CT,"Western Connecticut Planning Region",06901,US,"City of Stamford",gcod_usnyw6nvzwp3dqcbanzt6ejjxqzr3,building_centroid
"140 GROVE STREET",STAMFORD,CT,41.058766,-73.534164,1,rooftop,"140 Grove St",,"Stamford, CT 06901",140,"Grove St",,,Stamford,CT,"Western Connecticut Planning Region",06901,US,"City of Stamford",gcod_usnyw6nvzwp3dqcbanzt6ejjxqzr3,building_centroid
"140 GROVE STREET",STAMFORD,CT,41.058766,-73.534164,1,rooftop,"140 Grove St",,"Stamford, CT 06901",140,"Grove St",,,Stamford,CT,"Western Connecticut Planning Region",06901,US,"City of Stamford",gcod_usnyw6nvzwp3dqcbanzt6ejjxqzr3,building_centroid
"30 MYANO LANE",STAMFORD,CT,41.049801,-73.564551,1,rooftop,"30 Myano Ln",,"Stamford, CT 06902",30,"Myano Ln",,,Stamford,CT,"Western Connecticut Planning Region",06902,US,"City of Stamford",gcod_usndh4x6hws7ne67feqxd8gmpv9e8,building_centroid
"0 DEER MEADOW LANE",STAMFORD,CT,41.139636,-73.606008,1,street_center,"Deer Meadow Ln",,"Stamford, CT 06903",,"Deer Meadow Ln",,,Stamford,CT,"Western Connecticut Planning Region",06903,US,"TIGER/Line® dataset from the US Census Bureau",gcod_ussma3ynr3u8zjve,
"32 AVERY STREET",STAMFORD,CT,41.047784,-73.509384,1,rooftop,"32 Avery St",,"Stamford, CT 06902",32,"Avery St",,,Stamford,CT,"Western Connecticut Planning Region",06902,US,"City of Stamford",gcod_usnuaplnu8n8pqccsypygr8d3cwa2,building_centroid
"72 CHARLES STREET",STAMFORD,CT,41.044906,-73.509174,1,rooftop,"72 Charles St",,"Stamford, CT 06902",72,"Charles St",,,Stamford,CT,"Western Connecticut Planning Region",06902,US,"City of Stamford",gcod_usn8zn2nysg9ns7blz2hwjykatna9,building_centroid
"149 COLD SPRING ROAD",STAMFORD,CT,41.068673,-73.554578,1,rooftop,"149 Cold Spring Rd",,"Stamford, CT 06905",149,"Cold Spring Rd",,,Stamford,CT,"Western Connecticut Planning Region",06905,US,"City of Stamford",gcod_usnm2ddqvxs2a3ycukd6ugbyvgj66,building_centroid
"110 HIGH RIDGE ROAD ",STAMFORD,CT,41.075027,-73.550312,1,rooftop,"110 High Ridge Rd",,"Stamford, CT 06905",110,"High Ridge Rd",,,Stamford,CT,"Western Connecticut Planning Region",06905,US,"City of Stamford",gcod_usnyvscp4ey3fbqatna6s7lf6v8p6,building_centroid
"11 OSCAR STREET",STAMFORD,CT,41.068525,-73.523039,1,rooftop,"11 Oscar St",,"Stamford, CT 06906",11,"Oscar St",,,Stamford,CT,"Western Connecticut Planning Region",06906,US,"City of Stamford",gcod_usnnnw7uxbbzw3z79fcea52b3uccg,building_centroid
"0 PALMER AVENUE",STAMFORD,CT,41.050304,-73.510998,1,street_center,"Palmer Ave",,"Stamford, CT 06902",,"Palmer Ave",,,Stamford,CT,"Western Connecticut Planning Region",06902,US,"TIGER/Line® dataset from the US Census Bureau",gcod_ussbcg278uumnk8e,
"236 HOPE STREET ",STAMFORD,CT,41.068898,-73.527084,1,rooftop,"236 Hope St",,"Stamford, CT 06906",236,"Hope St",,,Stamford,CT,"Western Connecticut Planning Region",06906,US,"City of Stamford",gcod_usnbl6a8pggekw47nku3fqnfcezk4,building_centroid
"1088 EAST MAIN STREET",STAMFORD,CT,41.057773,-73.515883,1,rooftop,"1088 E Main St",,"Stamford, CT 06902",1088,"E Main St",,,Stamford,CT,"Western Connecticut Planning Region",06902,US,"City of Stamford",gcod_usntvhz3k7qw38eh8jtxsrnhsyuhf,building_centroid
"22 REVERE DRIVE #20E-1",STAMFORD,CT,41.05897,-73.516343,1,rooftop,"22 Revere Dr","# 20E","Stamford, CT 06902",22,"Revere Dr",#,20E,Stamford,CT,"Western Connecticut Planning Region",06902,US,"City of Stamford",gcod_usnlw868wx8j7qqb3yp2uql6l9r7b-6vtl47j3spdla,building_centroid
"585 HOPE STREET ",STAMFORD,CT,41.079512,-73.521478,1,rooftop,"585 Hope St",,"Stamford, CT 06907",585,"Hope St",,,Stamford,CT,"Western Connecticut Planning Region",06907,US,"City of Stamford",gcod_usnbl6a8pggekw47b34ntzt6gu2r3,building_centroid
"194 SEATON ROAD #23-B4",STAMFORD,CT,41.059899,-73.516967,1,rooftop,"194 Seaton Rd","# 23","Stamford, CT 06902",194,"Seaton Rd",#,23,Stamford,CT,"Western Connecticut Planning Region",06902,US,"City of Stamford",gcod_usn6g84mv6eqjl78zhz4dc2dmel2g-bzmefpnkjykv7,building_centroid
"240 SEATON ROAD #29-E3",STAMFORD,CT,41.060224,-73.514795,1,rooftop,"240 Seaton Rd","# 29","Stamford, CT 06902",240,"Seaton Rd",#,29,Stamford,CT,"Western Connecticut Planning Region",06902,US,"City of Stamford",gcod_usn6g84mv6eqjl78kt56dxnqp744g-a4k9b4faj2kc9,building_centroid
"225 SEATON ROAD #26-D3",STAMFORD,CT,41.059747,-73.515189,1,rooftop,"225 Seaton Rd","# 26","Stamford, CT 06902",225,"Seaton Rd",#,26,Stamford,CT,"Western Connecticut Planning Region",06902,US,"City of Stamford",gcod_usn6g84mv6eqjl78jy7n8g9ememl3-b7p66nbk9lbx2,building_centroid
"36 IDLEWOOD PLACE",STAMFORD,CT,41.09641,-73.541907,1,rooftop,"36 Idlewood Pl",,"Stamford, CT 06905",36,"Idlewood Pl",,,Stamford,CT,"Western Connecticut Planning Region",06905,US,"City of Stamford",gcod_usn4fgy26b5sdfp868mxs53zxug97,building_centroid
"47 UNDERHILL STREET",STAMFORD,CT,41.059108,-73.531116,1,rooftop,"47 Underhill St",,"Stamford, CT 06902",47,"Underhill St",,,Stamford,CT,"Western Connecticut Planning Region",06902,US,"City of Stamford",gcod_usnw5wlnnqejksnc6z5sl58x32ez9,building_centroid
"17 CRESCENT STREET ",STAMFORD,CT,41.07007,-73.519489,1,rooftop,"17 Crescent St",,"Stamford, CT 06906",17,"Crescent St",,,Stamford,CT,"Western Connecticut Planning Region",06906,US,"City of Stamford",gcod_usnjfp8jlrx8z9j6n2zjlfqqjq553,building_centroid
"27 CRESCENT STREET ",STAMFORD,CT,41.069993,-73.519279,1,rooftop,"27 Crescent St",,"Stamford, CT 06906",27,"Crescent St",,,Stamford,CT,"Western Connecticut Planning Region",06906,US,"City of Stamford",gcod_usnjfp8jlrx8z9j62nwnf9u6l7xg4,building_centroid
"27 CRESCENT STREET",STAMFORD,CT,41.069993,-73.519279,1,rooftop,"27 Crescent St",,"Stamford, CT 06906",27,"Crescent St",,,Stamford,CT,"Western Connecticut Planning Region",06906,US,"City of Stamford",gcod_usnjfp8jlrx8z9j62nwnf9u6l7xg4,building_centroid
"47 PARKER AVENUE",STAMFORD,CT,41.070309,-73.521284,1,rooftop,"47 Parker Ave",,"Stamford, CT 06906",47,"Parker Ave",,,Stamford,CT,"Western Connecticut Planning Region",06906,US,"City of Stamford",gcod_usnsf6kx88fxceb7xrbmg23wfmqee,building_centroid
"0 SQUARE ACRE DRIVE",STAMFORD,CT,41.106632,-73.549131,1,street_center,"Square Acre Dr",,"Stamford, CT 06905",,"Square Acre Dr",,,Stamford,CT,"Western Connecticut Planning Region",06905,US,"TIGER/Line® dataset from the US Census Bureau",gcod_ussvst4sf3m6mhfb,
"69 CLINTON AVENUE",STAMFORD,CT,41.049965,-73.545035,1,rooftop,"69 Clinton Ave",,"Stamford, CT 06901",69,"Clinton Ave",,,Stamford,CT,"Western Connecticut Planning Region",06901,US,"City of Stamford",gcod_usn3gegbdlbcm5u9xceqhq6w49rwc,building_centroid
"1203 HIGH RIDGE ROAD ",STAMFORD,CT,41.110199,-73.545582,1,rooftop,"1203 High Ridge Rd",,"Stamford, CT 06905",1203,"High Ridge Rd",,,Stamford,CT,"Western Connecticut Planning Region",06905,US,"City of Stamford",gcod_usnyvscp4ey3fbqaa5r6wvupjmh73,building_centroid
"80 GEORGE STREET",STAMFORD,CT,41.04616,-73.511847,1,rooftop,"80 George St",,"Stamford, CT 06902",80,"George St",,,Stamford,CT,"Western Connecticut Planning Region",06902,US,"City of Stamford",gcod_usnm9mr7g22mk628njd7vzfmt7lkh,building_centroid
"37 SOUNDVIEW AVENUE",STAMFORD,CT,41.048167,-73.521096,1,rooftop,"37 Soundview Ave",,"Stamford, CT 06902",37,"Soundview Ave",,,Stamford,CT,"Western Connecticut Planning Region",06902,US,"City of Stamford",gcod_usnrwlbcvx25jmu7nes6h75rw8hd6,building_centroid
"168 HEMLOCK DRIVE",STAMFORD,CT,41.07261,-73.560133,1,range_interpolation,"168 Hemlock Dr",,"Stamford, CT 06902",168,"Hemlock Dr",,,Stamford,CT,"Western Connecticut Planning Region",06902,US,"TIGER/Line® from the US Census Bureau",gcod_usnr9qn5pjyh9nrehm4asdayurcwc,
"41 NORTH STREET",STAMFORD,CT,41.058585,-73.545185,1,rooftop,"41 North St",,"Stamford, CT 06902",41,"North St",,,Stamford,CT,"Western Connecticut Planning Region",06902,US,"City of Stamford",gcod_usnbsvcnnmtgsabgdqzu8kugc2jhg,building_centroid
"54 SIGNAL ROAD ",STAMFORD,CT,41.026536,-73.551812,1,rooftop,"54 Signal Rd",,"Stamford, CT 06902",54,"Signal Rd",,,Stamford,CT,"Western Connecticut Planning Region",06902,US,"Connecticut Geospatial Information Systems Council",gcod_usnl98v4bcyp6mr33xtgjb5azp5y5,building_centroid
"50 SIGNAL ROAD ",STAMFORD,CT,41.026439,-73.551401,1,rooftop,"50 Signal Rd",,"Stamford, CT 06902",50,"Signal Rd",,,Stamford,CT,"Western Connecticut Planning Region",06902,US,"Connecticut Geospatial Information Systems Council",gcod_usnl98v4bcyp6mr3r6fnqrry3dbfa,parcel_centroid
"46 SIGNAL ROAD ",STAMFORD,CT,41.026463,-73.550996,1,rooftop,"46 Signal Rd",,"Stamford, CT 06902",46,"Signal Rd",,,Stamford,CT,"Western Connecticut Planning Region",06902,US,"Connecticut Geospatial Information Systems Council",gcod_usnl98v4bcyp6mr3d2zgqbqhq7a34,parcel_centroid
"42 SIGNAL ROAD ",STAMFORD,CT,41.026522,-73.55063,1,rooftop,"42 Signal Rd",,"Stamford, CT 06902",42,"Signal Rd",,,Stamford,CT,"Western Connecticut Planning Region",06902,US,"Connecticut Geospatial Information Systems Council",gcod_usnl98v4bcyp6mr339ware8weeejf,parcel_centroid
"87 SEASIDE AVENUE",STAMFORD,CT,41.055928,-73.510332,1,rooftop,"87 Seaside Ave",,"Stamford, CT 06902",87,"Seaside Ave",,,Stamford,CT,"Western Connecticut Planning Region",06902,US,"City of Stamford",gcod_usnycqcgtwkxlajb5vs9mzftm2hgb,building_centroid
"65 BURWOOD AVENUE",STAMFORD,CT,41.032128,-73.550709,1,rooftop,"65 Burwood Ave",,"Stamford, CT 06902",65,"Burwood Ave",,,Stamford,CT,"Western Connecticut Planning Region",06902,US,"City of Stamford",gcod_usn3prxcw5mhjs36ztl4myp9z768h,building_centroid
"81 CRYSTAL STREET",STAMFORD,CT,41.058403,-73.524959,1,rooftop,"81 Crystal St",,"Stamford, CT 06902",81,"Crystal St",,,Stamford,CT,"Western Connecticut Planning Region",06902,US,"City of Stamford",gcod_usnmwlgdhjhtg5u5565l9dptysz7a,building_centroid
"133 SOUNDVIEW AVENUE",STAMFORD,CT,41.045513,-73.520042,1,rooftop,"133 Soundview Ave",,"Stamford, CT 06902",133,"Soundview Ave",,,Stamford,CT,"Western Connecticut Planning Region",06902,US,"City of Stamford",gcod_usnrwlbcvx25jmu73px2zjz4qv7w6,building_centroid
"1 STRAWBERRY HILL COURT",STAMFORD,CT,41.065697,-73.533794,1,rooftop,"1 Strawberry Hill Ct",,"Stamford, CT 06902",1,"Strawberry Hill Ct",,,Stamford,CT,"Western Connecticut Planning Region",06902,US,"City of Stamford",gcod_usn6hzd7lun3hhfh6dhmtjgkveeh5,building_centroid
"57 HARBOR DRIVE",STAMFORD,CT,41.038398,-73.529426,1,range_interpolation,"57 Harbor Dr",,"Stamford, CT 06902",57,"Harbor Dr",,,Stamford,CT,"Western Connecticut Planning Region",06902,US,"TIGER/Line® from the US Census Bureau",gcod_usnf6peeepruj8ubyt26at486hb9h,
"51 SCHUYLER AVENUE",STAMFORD,CT,41.054446,-73.546946,1,rooftop,"51 Schuyler Ave",,"Stamford, CT 06902",51,"Schuyler Ave",,,Stamford,CT,"Western Connecticut Planning Region",06902,US,"City of Stamford",gcod_usn2npq23h8lrd567x34r595zr932,building_centroid
"51 SCHUYLER AVENUE",STAMFORD,CT,41.054446,-73.546946,1,rooftop,"51 Schuyler Ave",,"Stamford, CT 06902",51,"Schuyler Ave",,,Stamford,CT,"Western Connecticut Planning Region",06902,US,"City of Stamford",gcod_usn2npq23h8lrd567x34r595zr932,building_centroid
"51 SCHUYLER AVENUE",STAMFORD,CT,41.054446,-73.546946,1,rooftop,"51 Schuyler Ave",,"Stamford, CT 06902",51,"Schuyler Ave",,,Stamford,CT,"Western Connecticut Planning Region",06902,US,"City of Stamford",gcod_usn2npq23h8lrd567x34r595zr932,building_centroid
"22 GLENBROOK ROAD",STAMFORD,CT,41.056072,-73.529571,1,rooftop,"22 Glenbrook Rd",,"Stamford, CT 06902",22,"Glenbrook Rd",,,Stamford,CT,"Western Connecticut Planning Region",06902,US,"City of Stamford",gcod_usnqrk9rbqbd8lve75as6yem6zz38,building_centroid
"22 GLENBROOK ROAD ",STAMFORD,CT,41.056072,-73.529571,1,rooftop,"22 Glenbrook Rd",,"Stamford, CT 06902",22,"Glenbrook Rd",,,Stamford,CT,"Western Connecticut Planning Region",06902,US,"City of Stamford",gcod_usnqrk9rbqbd8lve75as6yem6zz38,building_centroid
"22 GLENBROOK ROAD",STAMFORD,CT,41.056072,-73.529571,1,rooftop,"22 Glenbrook Rd",,"Stamford, CT 06902",22,"Glenbrook Rd",,,Stamford,CT,"Western Connecticut Planning Region",06902,US,"City of Stamford",gcod_usnqrk9rbqbd8lve75as6yem6zz38,building_centroid
"22 GLENBROOK ROAD",STAMFORD,CT,41.056072,-73.529571,1,rooftop,"22 Glenbrook Rd",,"Stamford, CT 06902",22,"Glenbrook Rd",,,Stamford,CT,"Western Connecticut Planning Region",06902,US,"City of Stamford",gcod_usnqrk9rbqbd8lve75as6yem6zz38,building_centroid
"22 GLENBROOK ROAD #315",STAMFORD,CT,41.056072,-73.529571,1,rooftop,"22 Glenbrook Rd","Apt 315","Stamford, CT 06902",22,"Glenbrook Rd",Apt,315,Stamford,CT,"Western Connecticut Planning Region",06902,US,"City of Stamford",gcod_usnqrk9rbqbd8lve75as6yem6zz38-tsn84272j4m79,building_centroid
"22 GLENBROOK ROAD",STAMFORD,CT,41.056072,-73.529571,1,rooftop,"22 Glenbrook Rd",,"Stamford, CT 06902",22,"Glenbrook Rd",,,Stamford,CT,"Western Connecticut Planning Region",06902,US,"City of Stamford",gcod_usnqrk9rbqbd8lve75as6yem6zz38,building_centroid
"22 GLENBROOK ROAD",STAMFORD,CT,41.056072,-73.529571,1,rooftop,"22 Glenbrook Rd",,"Stamford, CT 06902",22,"Glenbrook Rd",,,Stamford,CT,"Western Connecticut Planning Region",06902,US,"City of Stamford",gcod_usnqrk9rbqbd8lve75as6yem6zz38,building_centroid
"22 GLENBROOK ROAD",STAMFORD,CT,41.056072,-73.529571,1,rooftop,"22 Glenbrook Rd",,"Stamford, CT 06902",22,"Glenbrook Rd",,,Stamford,CT,"Western Connecticut Planning Region",06902,US,"City of Stamford",gcod_usnqrk9rbqbd8lve75as6yem6zz38,building_centroid
"0 BEDFORD STREET",STAMFORD,CT,41.060089,-73.537426,1,street_center,"Bedford St",,"Stamford, CT 06901",,"Bedford St",,,Stamford,CT,"Western Connecticut Planning Region",06901,US,"TIGER/Line® dataset from the US Census Bureau",gcod_uss93nhags26h7xb,
"123 HARBOR DRIVE",STAMFORD,CT,41.036665,-73.531389,1,rooftop,"123 Harbor Dr",,"Stamford, CT 06902",123,"Harbor Dr",,,Stamford,CT,"Western Connecticut Planning Region",06902,US,"City of Stamford",gcod_usnf6peeepruj8ubtau32k7c7k5r6,building_centroid
"20 DUBOIS STREET",STAMFORD,CT,41.077743,-73.549009,1,rooftop,"20 Dubois St",,"Stamford, CT 06905",20,"Dubois St",,,Stamford,CT,"Western Connecticut Planning Region",06905,US,"City of Stamford",gcod_usndesgj3ewg5gk9m76q6b5752aa6,building_centroid
"104 NORTH STREET #PARKG24",STAMFORD,CT,41.059103,-73.542324,1,rooftop,"104 North St",,"Stamford, CT 06902",104,"North St",,,Stamford,CT,"Western Connecticut Planning Region",06902,US,"City of Stamford",gcod_usnbsvcnnmtgsabg7tmjp4hf7h7p9,building_centroid
"104 NORTH STREET #PARKG25",STAMFORD,CT,41.059103,-73.542324,1,rooftop,"104 North St",,"Stamford, CT 06902",104,"North St",,,Stamford,CT,"Western Connecticut Planning Region",06902,US,"City of Stamford",gcod_usnbsvcnnmtgsabg7tmjp4hf7h7p9,building_centroid
"104 NORTH STREET #PARKG27",STAMFORD,CT,41.059103,-73.542324,1,rooftop,"104 North St",,"Stamford, CT 06902",104,"North St",,,Stamford,CT,"Western Connecticut Planning Region",06902,US,"City of Stamford",gcod_usnbsvcnnmtgsabg7tmjp4hf7h7p9,building_centroid
"104 NORTH STREET #PARKG28",STAMFORD,CT,41.059103,-73.542324,1,rooftop,"104 North St",,"Stamford, CT 06902",104,"North St",,,Stamford,CT,"Western Connecticut Planning Region",06902,US,"City of Stamford",gcod_usnbsvcnnmtgsabg7tmjp4hf7h7p9,building_centroid
"104 NORTH STREET #PARKG29",STAMFORD,CT,41.059103,-73.542324,1,rooftop,"104 North St",,"Stamford, CT 06902",104,"North St",,,Stamford,CT,"Western Connecticut Planning Region",06902,US,"City of Stamford",gcod_usnbsvcnnmtgsabg7tmjp4hf7h7p9,building_centroid
"104 NORTH STREET #PARKG30",STAMFORD,CT,41.059103,-73.542324,1,rooftop,"104 North St",,"Stamford, CT 06902",104,"North St",,,Stamford,CT,"Western Connecticut Planning Region",06902,US,"City of Stamford",gcod_usnbsvcnnmtgsabg7tmjp4hf7h7p9,building_centroid
"104 NORTH STREET #PARKG43",STAMFORD,CT,41.059103,-73.542324,1,rooftop,"104 North St",,"Stamford, CT 06902",104,"North St",,,Stamford,CT,"Western Connecticut Planning Region",06902,US,"City of Stamford",gcod_usnbsvcnnmtgsabg7tmjp4hf7h7p9,building_centroid
"14 ANN STREET",STAMFORD,CT,41.04943,-73.548416,1,rooftop,"14 Ann St",,"Stamford, CT 06902",14,"Ann St",,,Stamford,CT,"Western Connecticut Planning Region",06902,US,"City of Stamford",gcod_usngtg3ua5kjc4u6pq7r5dfvwsfd7,building_centroid
"20 CERRETTA STREET",STAMFORD,CT,41.096408,-73.515059,1,rooftop,"20 Cerretta St",,"Stamford, CT 06907",20,"Cerretta St",,,Stamford,CT,"Western Connecticut Planning Region",06907,US,"City of Stamford",gcod_usnrplj8mp5bmp44pgjj7gkvtbuqh,building_centroid
"511 WEST MAIN STREET ",STAMFORD,CT,41.048689,-73.559442,1,rooftop,"511 W Main St",,"Stamford, CT 06902",511,"W Main St",,,Stamford,CT,"Western Connecticut Planning Region",06902,US,"City of Stamford",gcod_usn5df9j4bcp8gq6pus5luwu5wvy9,building_centroid
"511 WEST MAIN STREET",STAMFORD,CT,41.048689,-73.559442,1,rooftop,"511 W Main St",,"Stamford, CT 06902",511,"W Main St",,,Stamford,CT,"Western Connecticut Planning Region",06902,US,"City of Stamford",gcod_usn5df9j4bcp8gq6pus5luwu5wvy9,building_centroid
"511 WEST MAIN STREET",STAMFORD,CT,41.048689,-73.559442,1,rooftop,"511 W Main St",,"Stamford, CT 06902",511,"W Main St",,,Stamford,CT,"Western Connecticut Planning Region",06902,US,"City of Stamford",gcod_usn5df9j4bcp8gq6pus5luwu5wvy9,building_centroid
"511 WEST MAIN STREET",STAMFORD,CT,41.048689,-73.559442,1,rooftop,"511 W Main St",,"Stamford, CT 06902",511,"W Main St",,,Stamford,CT,"Western Connecticut Planning Region",06902,US,"City of Stamford",gcod_usn5df9j4bcp8gq6pus5luwu5wvy9,building_centroid
"511 WEST MAIN STREET",STAMFORD,CT,41.048689,-73.559442,1,rooftop,"511 W Main St",,"Stamford, CT 06902",511,"W Main St",,,Stamford,CT,"Western Connecticut Planning Region",06902,US,"City of Stamford",gcod_usn5df9j4bcp8gq6pus5luwu5wvy9,building_centroid
"511 WEST MAIN STREET",STAMFORD,CT,41.048689,-73.559442,1,rooftop,"511 W Main St",,"Stamford, CT 06902",511,"W Main St",,,Stamford,CT,"Western Connecticut Planning Region",06902,US,"City of Stamford",gcod_usn5df9j4bcp8gq6pus5luwu5wvy9,building_centroid
"511 WEST MAIN STREET",STAMFORD,CT,41.048689,-73.559442,1,rooftop,"511 W Main St",,"Stamford, CT 06902",511,"W Main St",,,Stamford,CT,"Western Connecticut Planning Region",06902,US,"City of Stamford",gcod_usn5df9j4bcp8gq6pus5luwu5wvy9,building_centroid
"511 WEST MAIN STREET",STAMFORD,CT,41.048689,-73.559442,1,rooftop,"511 W Main St",,"Stamford, CT 06902",511,"W Main St",,,Stamford,CT,"Western Connecticut Planning Region",06902,US,"City of Stamford",gcod_usn5df9j4bcp8gq6pus5luwu5wvy9,building_centroid
"511 WEST MAIN STREET",STAMFORD,CT,41.048689,-73.559442,1,rooftop,"511 W Main St",,"Stamford, CT 06902",511,"W Main St",,,Stamford,CT,"Western Connecticut Planning Region",06902,US,"City of Stamford",gcod_usn5df9j4bcp8gq6pus5luwu5wvy9,building_centroid
"511 WEST MAIN STREET",STAMFORD,CT,41.048689,-73.559442,1,rooftop,"511 W Main St",,"Stamford, CT 06902",511,"W Main St",,,Stamford,CT,"Western Connecticut Planning Region",06902,US,"City of Stamford",gcod_usn5df9j4bcp8gq6pus5luwu5wvy9,building_centroid
"511 WEST MAIN STREET",STAMFORD,CT,41.048689,-73.559442,1,rooftop,"511 W Main St",,"Stamford, CT 06902",511,"W Main St",,,Stamford,CT,"Western Connecticut Planning Region",06902,US,"City of Stamford",gcod_usn5df9j4bcp8gq6pus5luwu5wvy9,building_centroid
"511 WEST MAIN STREET",STAMFORD,CT,41.048689,-73.559442,1,rooftop,"511 W Main St",,"Stamford, CT 06902",511,"W Main St",,,Stamford,CT,"Western Connecticut Planning Region",06902,US,"City of Stamford",gcod_usn5df9j4bcp8gq6pus5luwu5wvy9,building_centroid
"15 CLARK STREET",STAMFORD,CT,41.052621,-73.540999,1,rooftop,"15 Clark St",,"Stamford, CT 06901",15,"Clark St",,,Stamford,CT,"Western Connecticut Planning Region",06901,US,"City of Stamford",gcod_usny6xydwpfgjd8eurr72eeuttkp9,building_centroid
"217 ATLANTIC STREET ",STAMFORD,CT,41.052277,-73.53963,1,rooftop,"217 Atlantic St",,"Stamford, CT 06901",217,"Atlantic St",,,Stamford,CT,"Western Connecticut Planning Region",06901,US,"City of Stamford",gcod_usn4g7f8x5yzp7udepwgmyt78lc39,building_centroid
"29 BANK STREET",STAMFORD,CT,41.052781,-73.540228,1,rooftop,"29 Bank St",,"Stamford, CT 06901",29,"Bank St",,,Stamford,CT,"Western Connecticut Planning Region",06901,US,"City of Stamford",gcod_usn2dmhcc23f6fc7s4j49wubgj4ba,building_centroid
"300 SEASIDE AVENUE",STAMFORD,CT,41.04918,-73.508874,1,rooftop,"300 Seaside Ave",,"Stamford, CT 06902",300,"Seaside Ave",,,Stamford,CT,"Western Connecticut Planning Region",06902,US,"City of Stamford",gcod_usnycqcgtwkxlajb476sqtlu2g4jg,building_centroid
"300 SEASIDE AVENUE",STAMFORD,CT,41.04918,-73.508874,1,rooftop,"300 Seaside Ave",,"Stamford, CT 06902",300,"Seaside Ave",,,Stamford,CT,"Western Connecticut Planning Region",06902,US,"City of Stamford",gcod_usnycqcgtwkxlajb476sqtlu2g4jg,building_centroid
"97 VIRGIL STREET",STAMFORD,CT,41.051571,-73.554975,1,rooftop,"97 Virgil St",,"Stamford, CT 06902",97,"Virgil St",,,Stamford,CT,"Western Connecticut Planning Region",06902,US,"City of Stamford",gcod_usnukjbbw2xphab89bamzqls7v8pg,building_centroid
"97 VIRGIL STREET",STAMFORD,CT,41.051571,-73.554975,1,rooftop,"97 Virgil St",,"Stamford, CT 06902",97,"Virgil St",,,Stamford,CT,"Western Connecticut Planning Region",06902,US,"City of Stamford",gcod_usnukjbbw2xphab89bamzqls7v8pg,building_centroid
"97 VIRGIL STREET",STAMFORD,CT,41.051571,-73.554975,1,rooftop,"97 Virgil St",,"Stamford, CT 06902",97,"Virgil St",,,Stamford,CT,"Western Connecticut Planning Region",06902,US,"City of Stamford",gcod_usnukjbbw2xphab89bamzqls7v8pg,building_centroid
"33 VIRGIL STREET",STAMFORD,CT,41.04945,-73.555233,1,rooftop,"33 Virgil St",,"Stamford, CT 06902",33,"Virgil St",,,Stamford,CT,"Western Connecticut Planning Region",06902,US,"City of Stamford",gcod_usnukjbbw2xphab85mbxdlqvvbeqd,building_centroid
"71 STRAWBERRY HILL AVENUE",STAMFORD,CT,41.063039,-73.532284,1,rooftop,"71 Strawberry Hill Ave",,"Stamford, CT 06902",71,"Strawberry Hill Ave",,,Stamford,CT,"Western Connecticut Planning Region",06902,US,"City of Stamford",gcod_usnte84mnkbs247et9f3pj5evhdfa,building_centroid
"71 STRAWBERRY HILL AVENUE",STAMFORD,CT,41.063039,-73.532284,1,rooftop,"71 Strawberry Hill Ave",,"Stamford, CT 06902",71,"Strawberry Hill Ave",,,Stamford,CT,"Western Connecticut Planning Region",06902,US,"City of Stamford",gcod_usnte84mnkbs247et9f3pj5evhdfa,building_centroid
"28 THREE LAKES DRIVE",STAMFORD,CT,41.085943,-73.556192,1,rooftop,"28 3 Lakes Dr",,"Stamford, CT 06902",28,"3 Lakes Dr",,,Stamford,CT,"Western Connecticut Planning Region",06902,US,"City of Stamford",gcod_usnp87rqwnnkrmv6f925l6px25wv9,building_centroid
"15 VICTORY STREET",STAMFORD,CT,41.047619,-73.555463,1,rooftop,"15 Victory St",,"Stamford, CT 06902",15,"Victory St",,,Stamford,CT,"Western Connecticut Planning Region",06902,US,"City of Stamford",gcod_usnd6tzvz2wl7begnp7fcthqc55ha,building_centroid
"15 VICTORY STREET",STAMFORD,CT,41.047619,-73.555463,1,rooftop,"15 Victory St",,"Stamford, CT 06902",15,"Victory St",,,Stamford,CT,"Western Connecticut Planning Region",06902,US,"City of Stamford",gcod_usnd6tzvz2wl7begnp7fcthqc55ha,building_centroid
"73 LIBERTY STREET",STAMFORD,CT,41.050604,-73.553812,1,rooftop,"73 Liberty St",,"Stamford, CT 06902",73,"Liberty St",,,Stamford,CT,"Western Connecticut Planning Region",06902,US,"City of Stamford",gcod_usnvsrtqmrdp5mkcaqktzx8t9vd55,building_centroid
"50 GLENBROOK ROAD",STAMFORD,CT,41.057061,-73.529367,1,rooftop,"50 Glenbrook Rd",,"Stamford, CT 06902",50,"Glenbrook Rd",,,Stamford,CT,"Western Connecticut Planning Region",06902,US,"City of Stamford",gcod_usnqrk9rbqbd8lverclbeuwucn79e,building_centroid
"235 COVE ROAD",STAMFORD,CT,41.049314,-73.520048,1,rooftop,"235 Cove Rd",,"Stamford, CT 06902",235,"Cove Rd",,,Stamford,CT,"Western Connecticut Planning Region",06902,US,"City of Stamford",gcod_usnj2vkuspefctvezbsuat3p3ahhf,building_centroid
"69 COVE ROAD",STAMFORD,CT,41.048535,-73.523063,1,rooftop,"69 Cove Rd",,"Stamford, CT 06902",69,"Cove Rd",,,Stamford,CT,"Western Connecticut Planning Region",06902,US,"City of Stamford",gcod_usnj2vkuspefctvelkd3hzh3hg8e7,building_centroid
"579 ERSKINE ROAD ",STAMFORD,CT,41.135977,-73.605171,1,rooftop,"579 Erskine Rd",,"Stamford, CT 06903",579,"Erskine Rd",,,Stamford,CT,"Western Connecticut Planning Region",06903,US,"City of Stamford",gcod_usn5zgcwq9swfahhyfn8ssra38yq3,building_centroid
"386 WESTOVER ROAD",STAMFORD,CT,41.069064,-73.571736,1,rooftop,"386 Westover Rd",,"Stamford, CT 06902",386,"Westover Rd",,,Stamford,CT,"Western Connecticut Planning Region",06902,US,"City of Stamford",gcod_usn9a9yysvymsvl55njf5w2w8j8xe,building_centroid
"23 HOYT STREET",STAMFORD,CT,41.060459,-73.53968,1,rooftop,"23 Hoyt St",,"Stamford, CT 06905",23,"Hoyt St",,,Stamford,CT,"Western Connecticut Planning Region",06905,US,"City of Stamford",gcod_usnewunawf6335f225c9zkvzjcwlf,building_centroid
"0 BARN HILL ROAD",STAMFORD,CT,41.095884,-73.562452,0.93,street_center,"Barnes Rd",,"Stamford, CT 06902",,"Barnes Rd",,,Stamford,CT,"Western Connecticut Planning Region",06902,US,"TIGER/Line® dataset from the US Census Bureau",gcod_usss2ewrdcbhbmxe,
"59 ROCK SPRING ROAD",STAMFORD,CT,41.066397,-73.530281,1,rooftop,"59 Rock Spring Rd",,"Stamford, CT 06906",59,"Rock Spring Rd",,,Stamford,CT,"Western Connecticut Planning Region",06906,US,"City of Stamford",gcod_usnbwrg3jsgljk7fvzc84a85s57fd,building_centroid
"257 GUINEA ROAD",STAMFORD,CT,41.098242,-73.595247,1,rooftop,"257 Guinea Rd",,"Stamford, CT 06903",257,"Guinea Rd",,,Stamford,CT,"Western Connecticut Planning Region",06903,US,"City of Stamford",gcod_usnlzbhrkg44h62dmateerdabs3mf,building_centroid
"1868 NEWFIELD AVENUE",STAMFORD,CT,41.122209,-73.5351,1,rooftop,"1868 Newfield Ave",,"Stamford, CT 06903",1868,"Newfield Ave",,,Stamford,CT,"Western Connecticut Planning Region",06903,US,"City of Stamford",gcod_usnhkvma5wck8jy95jep3f7hc9pwh,building_centroid
"186 WEST MAIN STREET",STAMFORD,CT,41.050114,-73.547574,1,rooftop,"186 W Main St",,"Stamford, CT 06902",186,"W Main St",,,Stamford,CT,"Western Connecticut Planning Region",06902,US,"City of Stamford",gcod_usn5df9j4bcp8gq6cardce57l67va,building_centroid
"190 WEST MAIN STREET",STAMFORD,CT,41.050076,-73.547708,1,rooftop,"190 W Main St",,"Stamford, CT 06902",190,"W Main St",,,Stamford,CT,"Western Connecticut Planning Region",06902,US,"City of Stamford",gcod_usn5df9j4bcp8gq62fchkqkw2hba3,building_centroid
"16 EAST AVENUE",STAMFORD,CT,41.046412,-73.519426,1,rooftop,"16 East Ave",,"Stamford, CT 06902",16,"East Ave",,,Stamford,CT,"Western Connecticut Planning Region",06902,US,"City of Stamford",gcod_usns76h8dsx3bc5eb6g3c4uhjcfee,building_centroid
"75 VIRGIL STREET",STAMFORD,CT,41.050838,-73.555274,1,rooftop,"75 Virgil St",,"Stamford, CT 06902",75,"Virgil St",,,Stamford,CT,"Western Connecticut Planning Region",06902,US,"City of Stamford",gcod_usnukjbbw2xphab8wtgjswv4s92b4,building_centroid
"34 WRIGHT STREET",STAMFORD,CT,41.054679,-73.549885,1,rooftop,"34 Wright St",,"Stamford, CT 06902",34,"Wright St",,,Stamford,CT,"Western Connecticut Planning Region",06902,US,"City of Stamford",gcod_usnb7q5ftzjx5utfgnxma36p3pe86,building_centroid
"112 LAWN AVENUE",STAMFORD,CT,41.05996,-73.51842,1,rooftop,"112 Lawn Ave",,"Stamford, CT 06902",112,"Lawn Ave",,,Stamford,CT,"Western Connecticut Planning Region",06902,US,"City of Stamford",gcod_usn4ymee33fq6thdd63yub8ep5s9h,building_centroid
"10 HOLLYWOOD COURT",STAMFORD,CT,41.058472,-73.545707,1,rooftop,"10 Hollywood Ct",,"Stamford, CT 06902",10,"Hollywood Ct",,,Stamford,CT,"Western Connecticut Planning Region",06902,US,"City of Stamford",gcod_usnadfucdnwvcsh6xls9bx8q7lhdg,building_centroid
"258 EAST MIDDLE PATENT ROAD",STAMFORD,CT,41.143199,-73.62612,0.84,rooftop,"258 E Middle Patent Rd",,"Greenwich, CT 06831",258,"E Middle Patent Rd",,,Greenwich,CT,"Western Connecticut Planning Region",06831,US,"City of Stamford",gcod_usn2jxtuw6a7fz5drx8dbctnw8jtf,building_centroid
"386 TACONIC ROAD",STAMFORD,CT,41.131281,-73.620885,0.84,rooftop,"386 Taconic Rd",,"Greenwich, CT 06831",386,"Taconic Rd",,,Greenwich,CT,"Western Connecticut Planning Region",06831,US,"City of Stamford",gcod_usnlqs9r3h2aaar8lh2vqhmve9xgd,building_centroid
"101 COLONIAL ROAD",STAMFORD,CT,41.070497,-73.529613,1,rooftop,"101 Colonial Rd",,"Stamford, CT 06906",101,"Colonial Rd",,,Stamford,CT,"Western Connecticut Planning Region",06906,US,"City of Stamford",gcod_usn8bhnwwt3w4a5htkbmnlhmhk9uf,building_centroid
"71 SUNNYSIDE AVENUE ",STAMFORD,CT,41.037893,-73.548283,1,rooftop,"71 Sunnyside Ave",,"Stamford, CT 06902",71,"Sunnyside Ave",,,Stamford,CT,"Western Connecticut Planning Region",06902,US,"City of Stamford",gcod_usncgm45tv4xk8a47as3jluzqs2bc,building_centroid
"69 SUNNYSIDE AVENUE",STAMFORD,CT,41.037893,-73.548584,1,rooftop,"69 Sunnyside Ave",,"Stamford, CT 06902",69,"Sunnyside Ave",,,Stamford,CT,"Western Connecticut Planning Region",06902,US,"Connecticut Geospatial Information Systems Council",gcod_usncgm45tv4xk8a4fcznfzd9yf27b,parcel_centroid
"1259 EAST MAIN STREET ",STAMFORD,CT,41.059648,-73.509258,1,rooftop,"1259 E Main St",,"Stamford, CT 06902",1259,"E Main St",,,Stamford,CT,"Western Connecticut Planning Region",06902,US,"City of Stamford",gcod_usntvhz3k7qw38eh6lc8sslc4ruag,building_centroid
"0 THORNRIDGE DRIVE ",STAMFORD,CT,41.120065,-73.524146,1,street_center,"Thornridge Dr",,"Stamford, CT 06903",,"Thornridge Dr",,,Stamford,CT,"Western Connecticut Planning Region",06903,US,"TIGER/Line® dataset from the US Census Bureau",gcod_usspsteq68n8lcjh,
"0 THORNRIDGE DRIVE",STAMFORD,CT,41.120065,-73.524146,1,street_center,"Thornridge Dr",,"Stamford, CT 06903",,"Thornridge Dr",,,Stamford,CT,"Western Connecticut Planning Region",06903,US,"TIGER/Line® dataset from the US Census Bureau",gcod_usspsteq68n8lcjh,
"35 WARREN STREET",STAMFORD,CT,41.051426,-73.524949,1,rooftop,"35 Warren St",,"Stamford, CT 06902",35,"Warren St",,,Stamford,CT,"Western Connecticut Planning Region",06902,US,"City of Stamford",gcod_usns8jum35rfdwdaanpu3vpunde4e,building_centroid
"680 EAST MAIN STREET ",STAMFORD,CT,41.054616,-73.531444,1,range_interpolation,"680 E Main St",,"Stamford, CT 06902",680,"E Main St",,,Stamford,CT,"Western Connecticut Planning Region",06902,US,"TIGER/Line® from the US Census Bureau",gcod_usntvhz3k7qw38eh5e2vqm46l8v74,
"700 SUMMER STREET",STAMFORD,CT,41.057961,-73.540662,1,rooftop,"700 Summer St",,"Stamford, CT 06901",700,"Summer St",,,Stamford,CT,"Western Connecticut Planning Region",06901,US,"City of Stamford",gcod_usnmr5ypz5p8ae5a43sgc4hhrgnv2,building_centroid
"700 SUMMER STREET",STAMFORD,CT,41.057961,-73.540662,1,rooftop,"700 Summer St",,"Stamford, CT 06901",700,"Summer St",,,Stamford,CT,"Western Connecticut Planning Region",06901,US,"City of Stamford",gcod_usnmr5ypz5p8ae5a43sgc4hhrgnv2,building_centroid
"700 SUMMER STREET",STAMFORD,CT,41.057961,-73.540662,1,rooftop,"700 Summer St",,"Stamford, CT 06901",700,"Summer St",,,Stamford,CT,"Western Connecticut Planning Region",06901,US,"City of Stamford",gcod_usnmr5ypz5p8ae5a43sgc4hhrgnv2,building_centroid
"700 SUMMER STREET",STAMFORD,CT,41.057961,-73.540662,1,rooftop,"700 Summer St",,"Stamford, CT 06901",700,"Summer St",,,Stamford,CT,"Western Connecticut Planning Region",06901,US,"City of Stamford",gcod_usnmr5ypz5p8ae5a43sgc4hhrgnv2,building_centroid
"700 SUMMER STREET",STAMFORD,CT,41.057961,-73.540662,1,rooftop,"700 Summer St",,"Stamford, CT 06901",700,"Summer St",,,Stamford,CT,"Western Connecticut Planning Region",06901,US,"City of Stamford",gcod_usnmr5ypz5p8ae5a43sgc4hhrgnv2,building_centroid
"700 SUMMER STREET ",STAMFORD,CT,41.057961,-73.540662,1,rooftop,"700 Summer St",,"Stamford, CT 06901",700,"Summer St",,,Stamford,CT,"Western Connecticut Planning Region",06901,US,"City of Stamford",gcod_usnmr5ypz5p8ae5a43sgc4hhrgnv2,building_centroid
"99 LEDGE LANE ",STAMFORD,CT,41.081967,-73.527819,1,rooftop,"99 Ledge Ln",,"Stamford, CT 06905",99,"Ledge Ln",,,Stamford,CT,"Western Connecticut Planning Region",06905,US,"City of Stamford",gcod_usn3rqawngbymfk82au7a223mursh,building_centroid
"2289 BEDFORD STREET",STAMFORD,CT,41.069671,-73.543516,1,rooftop,"2289 Bedford St",,"Stamford, CT 06905",2289,"Bedford St",,,Stamford,CT,"Western Connecticut Planning Region",06905,US,"City of Stamford",gcod_usnxgapvae5gwy5d45b5cal8djn84,building_centroid
"2289 BEDFORD STREET",STAMFORD,CT,41.069671,-73.543516,1,rooftop,"2289 Bedford St",,"Stamford, CT 06905",2289,"Bedford St",,,Stamford,CT,"Western Connecticut Planning Region",06905,US,"City of Stamford",gcod_usnxgapvae5gwy5d45b5cal8djn84,building_centroid
"2289 BEDFORD STREET",STAMFORD,CT,41.069671,-73.543516,1,rooftop,"2289 Bedford St",,"Stamford, CT 06905",2289,"Bedford St",,,Stamford,CT,"Western Connecticut Planning Region",06905,US,"City of Stamford",gcod_usnxgapvae5gwy5d45b5cal8djn84,building_centroid
"0 HARBOR DRIVE",STAMFORD,CT,41.034582,-73.533653,1,street_center,"Harbor Dr",,"Stamford, CT 06902",,"Harbor Dr",,,Stamford,CT,"Western Connecticut Planning Region",06902,US,"TIGER/Line® dataset from the US Census Bureau",gcod_ussf6peeepruj8ub,
"0 HARBOR DRIVE",STAMFORD,CT,41.034582,-73.533653,1,street_center,"Harbor Dr",,"Stamford, CT 06902",,"Harbor Dr",,,Stamford,CT,"Western Connecticut Planning Region",06902,US,"TIGER/Line® dataset from the US Census Bureau",gcod_ussf6peeepruj8ub,
"0 HARBOR DRIVE",STAMFORD,CT,41.034582,-73.533653,1,street_center,"Harbor Dr",,"Stamford, CT 06902",,"Harbor Dr",,,Stamford,CT,"Western Connecticut Planning Region",06902,US,"TIGER/Line® dataset from the US Census Bureau",gcod_ussf6peeepruj8ub,
"0 HARBOR DRIVE",STAMFORD,CT,41.034582,-73.533653,1,street_center,"Harbor Dr",,"Stamford, CT 06902",,"Harbor Dr",,,Stamford,CT,"Western Connecticut Planning Region",06902,US,"TIGER/Line® dataset from the US Census Bureau",gcod_ussf6peeepruj8ub,
"0 HARBOR DRIVE ",STAMFORD,CT,41.034582,-73.533653,1,street_center,"Harbor Dr",,"Stamford, CT 06902",,"Harbor Dr",,,Stamford,CT,"Western Connecticut Planning Region",06902,US,"TIGER/Line® dataset from the US Census Bureau",gcod_ussf6peeepruj8ub,
"140 GROVE STREET",STAMFORD,CT,41.058766,-73.534164,1,rooftop,"140 Grove St",,"Stamford, CT 06901",140,"Grove St",,,Stamford,CT,"Western Connecticut Planning Region",06901,US,"City of Stamford",gcod_usnyw6nvzwp3dqcbanzt6ejjxqzr3,building_centroid
"1633 WASHINGTON BOULEVARD",STAMFORD,CT,41.06205,-73.543593,1,rooftop,"1633 Washington Blvd",,"Stamford, CT 06902",1633,"Washington Blvd",,,Stamford,CT,"Western Connecticut Planning Region",06902,US,"City of Stamford",gcod_usnvx9p5dgsssqta8sf2su4gemrha,building_centroid
"186 STILLWATER AVENUE",STAMFORD,CT,41.052135,-73.553656,1,rooftop,"186 Stillwater Ave",,"Stamford, CT 06902",186,"Stillwater Ave",,,Stamford,CT,"Western Connecticut Planning Region",06902,US,"City of Stamford",gcod_usnwvfy7hdgm5xe7qvsjls7vkjngd,building_centroid
"27 NORTHILL STREET",STAMFORD,CT,41.09376,-73.519366,1,rooftop,"27 Northill St",,"Stamford, CT 06907",27,"Northill St",,,Stamford,CT,"Western Connecticut Planning Region",06907,US,"City of Stamford",gcod_usncpax4l9ezh5c7umt4ytcbypd76,building_centroid
"27 NORTHILL STREET",STAMFORD,CT,41.09376,-73.519366,1,rooftop,"27 Northill St",,"Stamford, CT 06907",27,"Northill St",,,Stamford,CT,"Western Connecticut Planning Region",06907,US,"City of Stamford",gcod_usncpax4l9ezh5c7umt4ytcbypd76,building_centroid
"27 NORTHILL STREET",STAMFORD,CT,41.09376,-73.519366,1,rooftop,"27 Northill St",,"Stamford, CT 06907",27,"Northill St",,,Stamford,CT,"Western Connecticut Planning Region",06907,US,"City of Stamford",gcod_usncpax4l9ezh5c7umt4ytcbypd76,building_centroid
"27 NORTHILL STREET",STAMFORD,CT,41.09376,-73.519366,1,rooftop,"27 Northill St",,"Stamford, CT 06907",27,"Northill St",,,Stamford,CT,"Western Connecticut Planning Region",06907,US,"City of Stamford",gcod_usncpax4l9ezh5c7umt4ytcbypd76,building_centroid
"27 NORTHILL STREET",STAMFORD,CT,41.09376,-73.519366,1,rooftop,"27 Northill St",,"Stamford, CT 06907",27,"Northill St",,,Stamford,CT,"Western Connecticut Planning Region",06907,US,"City of Stamford",gcod_usncpax4l9ezh5c7umt4ytcbypd76,building_centroid
"2 PHILLIPS PLACE",STAMFORD,CT,41.074246,-73.515274,0.96,range_interpolation,"2 Phillips Pl",,"Darien, CT 06820",2,"Phillips Pl",,,Darien,CT,"Western Connecticut Planning Region",06820,US,"TIGER/Line® from the US Census Bureau",gcod_usny2tmxpd2rfqc5je4q8uzed42wh,
"11 PHILLIPS PLACE ",STAMFORD,CT,41.074442,-73.515347,0.96,range_interpolation,"11 Phillips Pl",,"Darien, CT 06820",11,"Phillips Pl",,,Darien,CT,"Western Connecticut Planning Region",06820,US,"TIGER/Line® from the US Census Bureau",gcod_usny2tmxpd2rfqc56f5ezkcl97nue,
"10 FOREST LAWN AVENUE",STAMFORD,CT,41.068828,-73.549373,1,rooftop,"10 Forest Lawn Ave",,"Stamford, CT 06905",10,"Forest Lawn Ave",,,Stamford,CT,"Western Connecticut Planning Region",06905,US,"City of Stamford",gcod_usn57kjl6vleedl4xrrg7kn36ynhg,building_centroid
"76 ROCK SPRING ROAD",STAMFORD,CT,41.067486,-73.530188,1,rooftop,"76 Rock Spring Rd",,"Stamford, CT 06906",76,"Rock Spring Rd",,,Stamford,CT,"Western Connecticut Planning Region",06906,US,"City of Stamford",gcod_usnbwrg3jsgljk7fhczawplzg97uc,building_centroid
"92 NORTH STREET",STAMFORD,CT,41.058922,-73.542641,1,rooftop,"92 North St",,"Stamford, CT 06902",92,"North St",,,Stamford,CT,"Western Connecticut Planning Region",06902,US,"City of Stamford",gcod_usnbsvcnnmtgsabggq4sjlf5knz48,building_centroid
"40 SQUARE ACRE DRIVE",STAMFORD,CT,41.108035,-73.548405,1,rooftop,"40 Square Acre Dr",,"Stamford, CT 06905",40,"Square Acre Dr",,,Stamford,CT,"Western Connecticut Planning Region",06905,US,"City of Stamford",gcod_usnvst4sf3m6mhfbupe5cxle97e7d,building_centroid
"71 STRAWBERRY HILL AVENUE",STAMFORD,CT,41.063039,-73.532284,1,rooftop,"71 Strawberry Hill Ave",,"Stamford, CT 06902",71,"Strawberry Hill Ave",,,Stamford,CT,"Western Connecticut Planning Region",06902,US,"City of Stamford",gcod_usnte84mnkbs247et9f3pj5evhdfa,building_centroid
"71 STRAWBERRY HILL AVENUE",STAMFORD,CT,41.063039,-73.532284,1,rooftop,"71 Strawberry Hill Ave",,"Stamford, CT 06902",71,"Strawberry Hill Ave",,,Stamford,CT,"Western Connecticut Planning Region",06902,US,"City of Stamford",gcod_usnte84mnkbs247et9f3pj5evhdfa,building_centroid
"71 STRAWBERRY HILL AVENUE",STAMFORD,CT,41.063039,-73.532284,1,rooftop,"71 Strawberry Hill Ave",,"Stamford, CT 06902",71,"Strawberry Hill Ave",,,Stamford,CT,"Western Connecticut Planning Region",06902,US,"City of Stamford",gcod_usnte84mnkbs247et9f3pj5evhdfa,building_centroid
"230 BELLTOWN ROAD",STAMFORD,CT,41.082707,-73.531904,1,rooftop,"230 Belltown Rd",,"Stamford, CT 06905",230,"Belltown Rd",,,Stamford,CT,"Western Connecticut Planning Region",06905,US,"City of Stamford",gcod_usnxuvbnflhwv3x3rdeknjdyek8zf,building_centroid
"65 GLENBROOK ROAD",STAMFORD,CT,41.057482,-73.52825,1,rooftop,"65 Glenbrook Rd",,"Stamford, CT 06902",65,"Glenbrook Rd",,,Stamford,CT,"Western Connecticut Planning Region",06902,US,"City of Stamford",gcod_usnqrk9rbqbd8lvesq7mjyr6casud,building_centroid
"49 WEED HILL AVENUE",STAMFORD,CT,41.098031,-73.522515,1,rooftop,"49 Weed Hill Ave",,"Stamford, CT 06907",49,"Weed Hill Ave",,,Stamford,CT,"Western Connecticut Planning Region",06907,US,"City of Stamford",gcod_usnrza6pq4gc3yv997mxz8v6pgn62,building_centroid
"38 MEAD STREET",STAMFORD,CT,41.099467,-73.515466,1,rooftop,"38 Mead St",,"Stamford, CT 06907",38,"Mead St",,,Stamford,CT,"Western Connecticut Planning Region",06907,US,"City of Stamford",gcod_usn4xpkawcvkm587h5fa5frdbzaqg,building_centroid
"125 STRAWBERRY HILL AVENUE ",STAMFORD,CT,41.064494,-73.532638,1,rooftop,"125 Strawberry Hill Ave",,"Stamford, CT 06902",125,"Strawberry Hill Ave",,,Stamford,CT,"Western Connecticut Planning Region",06902,US,"City of Stamford",gcod_usnte84mnkbs247eaqemc9wuasanf,building_centroid
"39 GOODWIN STREET",STAMFORD,CT,41.069368,-73.522021,1,rooftop,"39 Goodwin St",,"Stamford, CT 06906",39,"Goodwin St",,,Stamford,CT,"Western Connecticut Planning Region",06906,US,"City of Stamford",gcod_usnp8q7tl3p2pkk5gxvhbevahcgn5,building_centroid
"757 NEWFIELD AVENUE",STAMFORD,CT,41.085855,-73.534137,1,rooftop,"757 Newfield Ave",,"Stamford, CT 06905",757,"Newfield Ave",,,Stamford,CT,"Western Connecticut Planning Region",06905,US,"City of Stamford",gcod_usn7d5zadgl74sw3h7sna7jzsxzbg,building_centroid
"18 CUSHING STREET",STAMFORD,CT,41.093231,-73.516922,1,rooftop,"18 Cushing St",,"Stamford, CT 06907",18,"Cushing St",,,Stamford,CT,"Western Connecticut Planning Region",06907,US,"City of Stamford",gcod_usnb29rxxz65r7w286jy99uygttpd,building_centroid
"99 PROSPECT STREET",STAMFORD,CT,41.058872,-73.535271,1,rooftop,"99 Prospect St",,"Stamford, CT 06901",99,"Prospect St",,,Stamford,CT,"Western Connecticut Planning Region",06901,US,"City of Stamford",gcod_usnkqypk4mt5wepaqst2zqg2u4yw4,building_centroid
"99 PROSPECT STREET",STAMFORD,CT,41.058872,-73.535271,1,rooftop,"99 Prospect St",,"Stamford, CT 06901",99,"Prospect St",,,Stamford,CT,"Western Connecticut Planning Region",06901,US,"City of Stamford",gcod_usnkqypk4mt5wepaqst2zqg2u4yw4,building_centroid
"99 PROSPECT STREET",STAMFORD,CT,41.058872,-73.535271,1,rooftop,"99 Prospect St",,"Stamford, CT 06901",99,"Prospect St",,,Stamford,CT,"Western Connecticut Planning Region",06901,US,"City of Stamford",gcod_usnkqypk4mt5wepaqst2zqg2u4yw4,building_centroid
"355 WEED AVENUE",STAMFORD,CT,41.049474,-73.503359,1,rooftop,"355 Weed Ave",,"Stamford, CT 06902",355,"Weed Ave",,,Stamford,CT,"Western Connecticut Planning Region",06902,US,"City of Stamford",gcod_usn96p52hp4nszy4rjwsdhd2swqa7,building_centroid
"30 HENDRIE COURT ",STAMFORD,CT,41.030365,-73.555219,1,rooftop,"30 Hendrie Ct",,"Stamford, CT 06902",30,"Hendrie Ct",,,Stamford,CT,"Western Connecticut Planning Region",06902,US,"City of Stamford",gcod_usnrprve3ahlnwfbw3xr634kz8ph5,building_centroid
"0 HAVILAND ROAD ",STAMFORD,CT,41.139641,-73.574569,1,street_center,"Haviland Rd",,"Stamford, CT 06903",,"Haviland Rd",,,Stamford,CT,"Western Connecticut Planning Region",06903,US,"TIGER/Line® dataset from the US Census Bureau",gcod_usshwvx3zpp3dsrc,
"40 ORCHARD STREET",STAMFORD,CT,41.041298,-73.549102,1,rooftop,"40 Orchard St",,"Stamford, CT 06902",40,"Orchard St",,,Stamford,CT,"Western Connecticut Planning Region",06902,US,"City of Stamford",gcod_usnkhytk49treb92wrzwvcpf7gqw4,building_centroid
"134 JEFFERSON STREET ",STAMFORD,CT,41.054082,-73.536216,0.5,place,,,"Stamford, CT 06901",,,,,Stamford,CT,"Western Connecticut Planning Region",06901,US,"TIGER/Line® dataset from the US Census Bureau",,
"32 MINOR PLACE",STAMFORD,CT,41.049574,-73.55723,1,rooftop,"32 Minor Pl",,"Stamford, CT 06902",32,"Minor Pl",,,Stamford,CT,"Western Connecticut Planning Region",06902,US,"City of Stamford",gcod_usnaqxdgcxh8lceaphvbkm53k8dgc,building_centroid
"406 WEST MAIN STREET ",STAMFORD,CT,41.047858,-73.554719,1,rooftop,"406 W Main St",,"Stamford, CT 06902",406,"W Main St",,,Stamford,CT,"Western Connecticut Planning Region",06902,US,"City of Stamford",gcod_usn5df9j4bcp8gq6brsp38qptyycd,building_centroid
"0 HOWARD ROAD",STAMFORD,CT,41.115763,-73.612254,1,street_center,"Howard Rd",,"Stamford, CT 06903",,"Howard Rd",,,Stamford,CT,"Western Connecticut Planning Region",06903,US,"TIGER/Line® dataset from the US Census Bureau",gcod_usszyk7bh8bhkmxh,
"0 HOWARD ROAD",STAMFORD,CT,41.115763,-73.612254,1,street_center,"Howard Rd",,"Stamford, CT 06903",,"Howard Rd",,,Stamford,CT,"Western Connecticut Planning Region",06903,US,"TIGER/Line® dataset from the US Census Bureau",gcod_usszyk7bh8bhkmxh,
"46 HIGH STREET",STAMFORD,CT,41.049851,-73.552719,1,rooftop,"46 High St",,"Stamford, CT 06902",46,"High St",,,Stamford,CT,"Western Connecticut Planning Region",06902,US,"City of Stamford",gcod_usnh95gsknescu6f8dh2hk3tlp987,building_centroid
"31 HIGH STREET",STAMFORD,CT,41.049359,-73.552393,1,rooftop,"31 High St",,"Stamford, CT 06902",31,"High St",,,Stamford,CT,"Western Connecticut Planning Region",06902,US,"City of Stamford",gcod_usnh95gsknescu6f6nsu8kygxq6m5,building_centroid
"9 WAVERLY PLACE",STAMFORD,CT,41.043662,-73.552481,1,rooftop,"9 Waverly Pl",,"Stamford, CT 06902",9,"Waverly Pl",,,Stamford,CT,"Western Connecticut Planning Region",06902,US,"City of Stamford",gcod_usnmq2dkqyypd9z2zxszjr9lf5vu3,building_centroid
"26 FREDERICK STREET",STAMFORD,CT,41.051213,-73.525764,1,rooftop,"26 Frederick St",,"Stamford, CT 06902",26,"Frederick St",,,Stamford,CT,"Western Connecticut Planning Region",06902,US,"City of Stamford",gcod_usna47qh4dw2sjc8f8mff75325hz2,building_centroid
"29 MULBERRY STREET",STAMFORD,CT,41.096168,-73.521071,1,rooftop,"29 Mulberry St",,"Stamford, CT 06907",29,"Mulberry St",,,Stamford,CT,"Western Connecticut Planning Region",06907,US,"City of Stamford",gcod_usnlpfpzbsq4xbdcue7up557qlfwe,building_centroid
"339 WEST AVENUE",STAMFORD,CT,41.042,-73.559381,1,rooftop,"339 West Ave",,"Stamford, CT 06902",339,"West Ave",,,Stamford,CT,"Western Connecticut Planning Region",06902,US,"City of Stamford",gcod_usnkkg6732v69cpgdun27nyw45nh2,building_centroid
"76 COLUMBUS PLACE ",STAMFORD,CT,41.098726,-73.513901,1,rooftop,"76 Columbus Pl",,"Stamford, CT 06907",76,"Columbus Pl",,,Stamford,CT,"Western Connecticut Planning Region",06907,US,"City of Stamford",gcod_usn2g5ngj4eyywgh6eazq69sc9g83,building_centroid
"170 FOREST STREET",STAMFORD,CT,41.056622,-73.531589,1,rooftop,"170 Forest St",,"Stamford, CT 06901",170,"Forest St",,,Stamford,CT,"Western Connecticut Planning Region",06901,US,"City of Stamford",gcod_usnb274rsjhswc4d8wyn23ykbnn49,building_centroid
"2 WASHINGTON COURT",STAMFORD,CT,41.058249,-73.545133,1,rooftop,"2 Washington Ct",,"Stamford, CT 06902",2,"Washington Ct",,,Stamford,CT,"Western Connecticut Planning Region",06902,US,"City of Stamford",gcod_usnw92pcejexnayf8kybckkwmjmm7,building_centroid
"0 HARBOR DRIVE",STAMFORD,CT,41.034582,-73.533653,1,street_center,"Harbor Dr",,"Stamford, CT 06902",,"Harbor Dr",,,Stamford,CT,"Western Connecticut Planning Region",06902,US,"TIGER/Line® dataset from the US Census Bureau",gcod_ussf6peeepruj8ub,
"0 HARBOR DRIVE",STAMFORD,CT,41.034582,-73.533653,1,street_center,"Harbor Dr",,"Stamford, CT 06902",,"Harbor Dr",,,Stamford,CT,"Western Connecticut Planning Region",06902,US,"TIGER/Line® dataset from the US Census Bureau",gcod_ussf6peeepruj8ub,
"0 HARBOR DRIVE",STAMFORD,CT,41.034582,-73.533653,1,street_center,"Harbor Dr",,"Stamford, CT 06902",,"Harbor Dr",,,Stamford,CT,"Western Connecticut Planning Region",06902,US,"TIGER/Line® dataset from the US Census Bureau",gcod_ussf6peeepruj8ub,
"0 HARBOR DRIVE",STAMFORD,CT,41.034582,-73.533653,1,street_center,"Harbor Dr",,"Stamford, CT 06902",,"Harbor Dr",,,Stamford,CT,"Western Connecticut Planning Region",06902,US,"TIGER/Line® dataset from the US Census Bureau",gcod_ussf6peeepruj8ub,
"0 HARBOR DRIVE",STAMFORD,CT,41.034582,-73.533653,1,street_center,"Harbor Dr",,"Stamford, CT 06902",,"Harbor Dr",,,Stamford,CT,"Western Connecticut Planning Region",06902,US,"TIGER/Line® dataset from the US Census Bureau",gcod_ussf6peeepruj8ub,
"0 HARBOR DRIVE",STAMFORD,CT,41.034582,-73.533653,1,street_center,"Harbor Dr",,"Stamford, CT 06902",,"Harbor Dr",,,Stamford,CT,"Western Connecticut Planning Region",06902,US,"TIGER/Line® dataset from the US Census Bureau",gcod_ussf6peeepruj8ub,
"0 HARBOR DRIVE",STAMFORD,CT,41.034582,-73.533653,1,street_center,"Harbor Dr",,"Stamford, CT 06902",,"Harbor Dr",,,Stamford,CT,"Western Connecticut Planning Region",06902,US,"TIGER/Line® dataset from the US Census Bureau",gcod_ussf6peeepruj8ub,
"218 BEDFORD STREET ",STAMFORD,CT,41.056887,-73.538576,1,rooftop,"218 Bedford St",,"Stamford, CT 06901",218,"Bedford St",,,Stamford,CT,"Western Connecticut Planning Region",06901,US,"City of Stamford",gcod_usn93nhags26h7xbm73e56mbxnjff,building_centroid
"402 WEST MAIN STREET ",STAMFORD,CT,41.047909,-73.554552,1,rooftop,"402 W Main St",,"Stamford, CT 06902",402,"W Main St",,,Stamford,CT,"Western Connecticut Planning Region",06902,US,"City of Stamford",gcod_usn5df9j4bcp8gq6rdsewucss6z96,building_centroid
"1042 HIGH RIDGE ROAD",STAMFORD,CT,41.107036,-73.548282,1,rooftop,"1042 High Ridge Rd",,"Stamford, CT 06905",1042,"High Ridge Rd",,,Stamford,CT,"Western Connecticut Planning Region",06905,US,"City of Stamford",gcod_usnyvscp4ey3fbqamwbcnjuvmdrq7,building_centroid
"1058 HIGH RIDGE ROAD",STAMFORD,CT,41.107278,-73.548253,1,rooftop,"1058 High Ridge Rd",,"Stamford, CT 06905",1058,"High Ridge Rd",,,Stamford,CT,"Western Connecticut Planning Region",06905,US,"City of Stamford",gcod_usnyvscp4ey3fbqambnszu2vvn4a4,building_centroid
"1070 HIGH RIDGE ROAD ",STAMFORD,CT,41.108377,-73.547862,1,rooftop,"1070 High Ridge Rd",,"Stamford, CT 06905",1070,"High Ridge Rd",,,Stamford,CT,"Western Connecticut Planning Region",06905,US,"City of Stamford",gcod_usnyvscp4ey3fbqazuzxezsg6bxr2,building_centroid
"1066 HIGH RIDGE ROAD",STAMFORD,CT,41.107888,-73.548087,1,rooftop,"1066 High Ridge Rd",,"Stamford, CT 06905",1066,"High Ridge Rd",,,Stamford,CT,"Western Connecticut Planning Region",06905,US,"City of Stamford",gcod_usnyvscp4ey3fbqarcwkj6ealgea3,building_centroid
"26 SQUARE ACRE DRIVE",STAMFORD,CT,41.108544,-73.548246,1,rooftop,"26 Square Acre Dr",,"Stamford, CT 06905",26,"Square Acre Dr",,,Stamford,CT,"Western Connecticut Planning Region",06905,US,"Connecticut Geospatial Information Systems Council",gcod_usnvst4sf3m6mhfbz32xbc3l8cj54,parcel_centroid
"4 WAMPANAW AVENUE",STAMFORD,CT,41.037249,-73.523896,1,rooftop,"4 Wampanaw Ave",,"Stamford, CT 06902",4,"Wampanaw Ave",,,Stamford,CT,"Western Connecticut Planning Region",06902,US,"City of Stamford",gcod_usnbm4q6bzbftc84vk2wr7mzle3p7,building_centroid
"36 SEVENTH STREET",STAMFORD,CT,41.066916,-73.54843,1,rooftop,"36 7th St",,"Stamford, CT 06905",36,"7th St",,,Stamford,CT,"Western Connecticut Planning Region",06905,US,"City of Stamford",gcod_usnlndlan93ds9v6ggcz6yjzkzxs4,building_centroid
"144 MORGAN STREET",STAMFORD,CT,41.062572,-73.536297,1,rooftop,"144 Morgan St",,"Stamford, CT 06905",144,"Morgan St",,,Stamford,CT,"Western Connecticut Planning Region",06905,US,"City of Stamford",gcod_usndzer39anp6csb3veackn95khh6,building_centroid
"970 HOPE STREET",STAMFORD,CT,41.092084,-73.518437,1,rooftop,"970 Hope St",,"Stamford, CT 06907",970,"Hope St",,,Stamford,CT,"Western Connecticut Planning Region",06907,US,"City of Stamford",gcod_usnfkq23mubsxdk36h8x2kl4mat72,building_centroid
"57 VIADUCT ROAD ",STAMFORD,CT,41.080532,-73.518781,1,rooftop,"57 Viaduct Rd",,"Stamford, CT 06907",57,"Viaduct Rd",,,Stamford,CT,"Western Connecticut Planning Region",06907,US,"City of Stamford",gcod_usn5hldge7zuhy48r2jpn7tnjgwg5,building_centroid
"141 COLUMBUS PLACE",STAMFORD,CT,41.100697,-73.512237,1,rooftop,"141 Columbus Pl",,"Stamford, CT 06907",141,"Columbus Pl",,,Stamford,CT,"Western Connecticut Planning Region",06907,US,"City of Stamford",gcod_usn2g5ngj4eyywgh6rl7mtauxvpxh,building_centroid
"0 WINDELL PLACE",STAMFORD,CT,41.066914,-73.520927,1,street_center,"Windell Pl",,"Stamford, CT 06906",,"Windell Pl",,,Stamford,CT,"Western Connecticut Planning Region",06906,US,"TIGER/Line® dataset from the US Census Bureau",gcod_ussr7mhs2pgztt74,
"650 GLENBROOK ROAD",STAMFORD,CT,41.075748,-73.52021,1,rooftop,"650 Glenbrook Rd",,"Stamford, CT 06906",650,"Glenbrook Rd",,,Stamford,CT,"Western Connecticut Planning Region",06906,US,"City of Stamford",gcod_usnta7zqter5yv9fbdrruk5gwrxs8,building_centroid
"0 COWING PLACE ",STAMFORD,CT,41.07264,-73.52024,1,street_center,"Cowing Pl",,"Stamford, CT 06906",,"Cowing Pl",,,Stamford,CT,"Western Connecticut Planning Region",06906,US,"TIGER/Line® dataset from the US Census Bureau",gcod_ussqyjplq7b2phw5,
"69 COVE ROAD ",STAMFORD,CT,41.048535,-73.523063,1,rooftop,"69 Cove Rd",,"Stamford, CT 06902",69,"Cove Rd",,,Stamford,CT,"Western Connecticut Planning Region",06902,US,"City of Stamford",gcod_usnj2vkuspefctvelkd3hzh3hg8e7,building_centroid
"69 COVE ROAD",STAMFORD,CT,41.048535,-73.523063,1,rooftop,"69 Cove Rd",,"Stamford, CT 06902",69,"Cove Rd",,,Stamford,CT,"Western Connecticut Planning Region",06902,US,"City of Stamford",gcod_usnj2vkuspefctvelkd3hzh3hg8e7,building_centroid
"87 GLENBROOK ROAD",STAMFORD,CT,41.058172,-73.528218,1,rooftop,"87 Glenbrook Rd",,"Stamford, CT 06902",87,"Glenbrook Rd",,,Stamford,CT,"Western Connecticut Planning Region",06902,US,"City of Stamford",gcod_usnqrk9rbqbd8lvepe4e3dv3yjakf,building_centroid
"60 CAMORE STREET",STAMFORD,CT,41.079909,-73.544879,1,rooftop,"60 Camore St",,"Stamford, CT 06905",60,"Camore St",,,Stamford,CT,"Western Connecticut Planning Region",06905,US,"City of Stamford",gcod_usn6f5pnl6mc3rf8wcycfd9vxhznf,building_centroid
"62 CAMP AVENUE",STAMFORD,CT,41.095783,-73.516248,1,rooftop,"62 Camp Ave",,"Stamford, CT 06907",62,"Camp Ave",,,Stamford,CT,"Western Connecticut Planning Region",06907,US,"City of Stamford",gcod_usnkjmhqvk3sd7fa2frsxxs85lfzd,building_centroid
"46 EDGEWOOD AVENUE",STAMFORD,CT,41.082987,-73.522134,1,rooftop,"46 Edgewood Ave",,"Stamford, CT 06907",46,"Edgewood Ave",,,Stamford,CT,"Western Connecticut Planning Region",06907,US,"City of Stamford",gcod_usnwe5u58wgweb89gdvgctwstr5l2,building_centroid
"254 SEASIDE AVENUE",STAMFORD,CT,41.050214,-73.508927,1,rooftop,"254 Seaside Ave",,"Stamford, CT 06902",254,"Seaside Ave",,,Stamford,CT,"Western Connecticut Planning Region",06902,US,"City of Stamford",gcod_usnycqcgtwkxlajb476mp6zlhqucb,building_centroid
"1294 HOPE STREET",STAMFORD,CT,41.101367,-73.51682,1,rooftop,"1294 Hope St",,"Stamford, CT 06907",1294,"Hope St",,,Stamford,CT,"Western Connecticut Planning Region",06907,US,"City of Stamford",gcod_usnfkq23mubsxdk3jmbl6abnrjbxb,building_centroid
"87 FRANKLIN STREET ",STAMFORD,CT,41.058456,-73.541556,1,rooftop,"87 Franklin St",,"Stamford, CT 06901",87,"Franklin St",,,Stamford,CT,"Western Connecticut Planning Region",06901,US,"City of Stamford",gcod_usng3lhahfuwy6r5a5dsp4fq9a7pf,building_centroid
"0 SUMMER STREET",STAMFORD,CT,41.069943,-73.549435,1,street_center,"Summer St",,"Stamford, CT 06905",,"Summer St",,,Stamford,CT,"Western Connecticut Planning Region",06905,US,"TIGER/Line® dataset from the US Census Bureau",gcod_ussfhzebygqbquk7,
"0 SUMMER STREET",STAMFORD,CT,41.069943,-73.549435,1,street_center,"Summer St",,"Stamford, CT 06905",,"Summer St",,,Stamford,CT,"Western Connecticut Planning Region",06905,US,"TIGER/Line® dataset from the US Census Bureau",gcod_ussfhzebygqbquk7,
"0 SUMMER STREET ",STAMFORD,CT,41.069943,-73.549435,1,street_center,"Summer St",,"Stamford, CT 06905",,"Summer St",,,Stamford,CT,"Western Connecticut Planning Region",06905,US,"TIGER/Line® dataset from the US Census Bureau",gcod_ussfhzebygqbquk7,
"527 GLENBROOK ROAD",STAMFORD,CT,41.071351,-73.520261,1,rooftop,"527 Glenbrook Rd",,"Stamford, CT 06906",527,"Glenbrook Rd",,,Stamford,CT,"Western Connecticut Planning Region",06906,US,"City of Stamford",gcod_usnta7zqter5yv9ftmflkcb992ar5,building_centroid
"10 DEER MEADOW LANE ",STAMFORD,CT,41.138328,-73.603057,1,rooftop,"10 Deer Meadow Ln",,"Stamford, CT 06903",10,"Deer Meadow Ln",,,Stamford,CT,"Western Connecticut Planning Region",06903,US,"City of Stamford",gcod_usnma3ynr3u8zjve9c5tx9cth7l78,building_centroid
"11 ELMCROFT ROAD",STAMFORD,CT,41.041291,-73.536718,1,rooftop,"11 Elmcroft Rd",,"Stamford, CT 06902",11,"Elmcroft Rd",,,Stamford,CT,"Western Connecticut Planning Region",06902,US,"City of Stamford",gcod_usn2axfruhv9wwjckcjctys354c6c,building_centroid
"45 PROSPECT STREET ",STAMFORD,CT,41.057336,-73.536606,1,rooftop,"45 Prospect St",,"Stamford, CT 06901",45,"Prospect St",,,Stamford,CT,"Western Connecticut Planning Region",06901,US,"City of Stamford",gcod_usnkqypk4mt5wepa35zgmjgxqjl66,building_centroid
"25 WASHINGTON COURT ",STAMFORD,CT,41.058373,-73.546191,1,rooftop,"25 Washington Ct",,"Stamford, CT 06902",25,"Washington Ct",,,Stamford,CT,"Western Connecticut Planning Region",06902,US,"City of Stamford",gcod_usnw92pcejexnayf8l2tuwl2ppp3h,building_centroid
"1 ELM TREE PLACE",STAMFORD,CT,41.071255,-73.522224,1,rooftop,"1 Elm Tree Pl",,"Stamford, CT 06906",1,"Elm Tree Pl",,,Stamford,CT,"Western Connecticut Planning Region",06906,US,"City of Stamford",gcod_usn74x3tz4qzcy375hyr9r43qc2wc,building_centroid
"36 AUTUMN LANE",STAMFORD,CT,41.080044,-73.528351,1,rooftop,"36 Autumn Ln",,"Stamford, CT 06906",36,"Autumn Ln",,,Stamford,CT,"Western Connecticut Planning Region",06906,US,"City of Stamford",gcod_usnueg6cjp9kxfra7td9qzwuragl3,building_centroid
"1076 EAST MAIN STREET",STAMFORD,CT,41.057665,-73.516454,1,rooftop,"1076 E Main St",,"Stamford, CT 06902",1076,"E Main St",,,Stamford,CT,"Western Connecticut Planning Region",06902,US,"City of Stamford",gcod_usntvhz3k7qw38ehr6jpwzhge39b4,building_centroid
"148 SEATON ROAD",STAMFORD,CT,41.058852,-73.517743,1,rooftop,"148 Seaton Rd",,"Stamford, CT 06902",148,"Seaton Rd",,,Stamford,CT,"Western Connecticut Planning Region",06902,US,"City of Stamford",gcod_usn6g84mv6eqjl78twe8kaq6wl7a9,building_centroid
"1056 EAST MAIN STREET ",STAMFORD,CT,41.057272,-73.517121,1,rooftop,"1056 E Main St",,"Stamford, CT 06902",1056,"E Main St",,,Stamford,CT,"Western Connecticut Planning Region",06902,US,"City of Stamford",gcod_usntvhz3k7qw38ehhuwh2wh4rb454,building_centroid
"1056 EAST MAIN STREET",STAMFORD,CT,41.057272,-73.517121,1,rooftop,"1056 E Main St",,"Stamford, CT 06902",1056,"E Main St",,,Stamford,CT,"Western Connecticut Planning Region",06902,US,"City of Stamford",gcod_usntvhz3k7qw38ehhuwh2wh4rb454,building_centroid
"151 COURTLAND AVENUE ",STAMFORD,CT,41.063515,-73.51402,1,rooftop,"151 Courtland Ave",,"Stamford, CT 06902",151,"Courtland Ave",,,Stamford,CT,"Western Connecticut Planning Region",06902,US,"City of Stamford",gcod_usn4tkn9nm53kxl9fhpgars953zp2,building_centroid
"130 COLUMBUS PLACE ",STAMFORD,CT,41.100505,-73.51299,1,rooftop,"130 Columbus Pl",,"Stamford, CT 06907",130,"Columbus Pl",,,Stamford,CT,"Western Connecticut Planning Region",06907,US,"City of Stamford",gcod_usn2g5ngj4eyywgh7jvjm9ls6hj77,building_centroid
"30 LENOX AVENUE",STAMFORD,CT,41.069236,-73.514777,1,rooftop,"30 Lenox Ave",,"Stamford, CT 06906",30,"Lenox Ave",,,Stamford,CT,"Western Connecticut Planning Region",06906,US,"City of Stamford",gcod_usnlvvkgajhh9xfbl2lfdf64blv66,building_centroid
"236 GLENBROOK ROAD",STAMFORD,CT,41.061959,-73.5248,1,rooftop,"236 Glenbrook Rd",,"Stamford, CT 06906",236,"Glenbrook Rd",,,Stamford,CT,"Western Connecticut Planning Region",06906,US,"City of Stamford",gcod_usnta7zqter5yv9f6kblvkum39wc5,building_centroid
"244 GLENBROOK ROAD",STAMFORD,CT,41.062861,-73.524891,1,rooftop,"244 Glenbrook Rd",,"Stamford, CT 06906",244,"Glenbrook Rd",,,Stamford,CT,"Western Connecticut Planning Region",06906,US,"City of Stamford",gcod_usnta7zqter5yv9ff9s4n3cxyhu54,building_centroid
"246 GLENBROOK ROAD",STAMFORD,CT,41.063014,-73.524873,1,rooftop,"246 Glenbrook Rd",,"Stamford, CT 06906",246,"Glenbrook Rd",,,Stamford,CT,"Western Connecticut Planning Region",06906,US,"City of Stamford",gcod_usnta7zqter5yv9f87ggaaktat5v2,building_centroid
"1866 SUMMER STREET",STAMFORD,CT,41.064739,-73.545282,1,rooftop,"1866 Summer St",,"Stamford, CT 06905",1866,"Summer St",,,Stamford,CT,"Western Connecticut Planning Region",06905,US,"City of Stamford",gcod_usnfhzebygqbquk7avvgypthnwprg,building_centroid
"1870 SUMMER STREET ",STAMFORD,CT,41.064703,-73.545377,1,rooftop,"1870 Summer St",,"Stamford, CT 06905",1870,"Summer St",,,Stamford,CT,"Western Connecticut Planning Region",06905,US,"City of Stamford",gcod_usnfhzebygqbquk7a9e7qzczketg6,building_centroid
"0 SOUTHFIELD AVE",STAMFORD,CT,41.032673,-73.54783,1,street_center,"Southfield Ave",,"Stamford, CT 06902",,"Southfield Ave",,,Stamford,CT,"Western Connecticut Planning Region",06902,US,"TIGER/Line® dataset from the US Census Bureau",gcod_uss9rvkb5jqlhl7g,
"0 SOUTHFIELD AVE",STAMFORD,CT,41.032673,-73.54783,1,street_center,"Southfield Ave",,"Stamford, CT 06902",,"Southfield Ave",,,Stamford,CT,"Western Connecticut Planning Region",06902,US,"TIGER/Line® dataset from the US Census Bureau",gcod_uss9rvkb5jqlhl7g,
"27 NORTHILL STREET ",STAMFORD,CT,41.09376,-73.519366,1,rooftop,"27 Northill St",,"Stamford, CT 06907",27,"Northill St",,,Stamford,CT,"Western Connecticut Planning Region",06907,US,"City of Stamford",gcod_usncpax4l9ezh5c7umt4ytcbypd76,building_centroid
"27 NORTHILL STREET",STAMFORD,CT,41.09376,-73.519366,1,rooftop,"27 Northill St",,"Stamford, CT 06907",27,"Northill St",,,Stamford,CT,"Western Connecticut Planning Region",06907,US,"City of Stamford",gcod_usncpax4l9ezh5c7umt4ytcbypd76,building_centroid
"112 PROSPECT STREET ",STAMFORD,CT,41.059703,-73.534826,1,rooftop,"112 Prospect St",,"Stamford, CT 06901",112,"Prospect St",,,Stamford,CT,"Western Connecticut Planning Region",06901,US,"City of Stamford",gcod_usnax9amyfyd22v5d4jx8k9k69yn8,building_centroid
"26 HIGHVIEW AVENUE",STAMFORD,CT,41.096344,-73.516306,1,rooftop,"26 Highview Ave",,"Stamford, CT 06907",26,"Highview Ave",,,Stamford,CT,"Western Connecticut Planning Region",06907,US,"City of Stamford",gcod_usnftw54ttqqabzd9882e5x8ypg9h,building_centroid
"96 COLUMBUS PLACE",STAMFORD,CT,41.099472,-73.513363,1,rooftop,"96 Columbus Pl",,"Stamford, CT 06907",96,"Columbus Pl",,,Stamford,CT,"Western Connecticut Planning Region",06907,US,"City of Stamford",gcod_usn2g5ngj4eyywghmgdm236kruwch,building_centroid
"113 RESEARCH DRIVE",STAMFORD,CT,41.075436,-73.518171,1,rooftop,"113 Research Dr",,"Stamford, CT 06906",113,"Research Dr",,,Stamford,CT,"Western Connecticut Planning Region",06906,US,"City of Stamford",gcod_usnpxzxex64qef6g97shpyzcjns45,building_centroid
"251 SHIPPAN AVENUE ",STAMFORD,CT,41.047684,-73.524641,1,rooftop,"251 Shippan Ave",,"Stamford, CT 06902",251,"Shippan Ave",,,Stamford,CT,"Western Connecticut Planning Region",06902,US,"Connecticut Geospatial Information Systems Council",gcod_usn79qs6gl8nng5eqhx7rq8sbp786,parcel_centroid
"227 SHIPPAN AVENUE",STAMFORD,CT,41.047949,-73.524458,1,rooftop,"227 Shippan Ave",,"Stamford, CT 06902",227,"Shippan Ave",,,Stamford,CT,"Western Connecticut Planning Region",06902,US,"City of Stamford",gcod_usn79qs6gl8nng5e64qp73cutfub5,building_centroid
"82 SHIPPAN AVENUE",STAMFORD,CT,41.049744,-73.523644,1,rooftop,"82 Shippan Ave",,"Stamford, CT 06902",82,"Shippan Ave",,,Stamford,CT,"Western Connecticut Planning Region",06902,US,"City of Stamford",gcod_usn79qs6gl8nng5evv24hhvsy5d2c,building_centroid
"1008 HIGH RIDGE ROAD ",STAMFORD,CT,41.105998,-73.548553,1,rooftop,"1008 High Ridge Rd",,"Stamford, CT 06905",1008,"High Ridge Rd",,,Stamford,CT,"Western Connecticut Planning Region",06905,US,"City of Stamford",gcod_usnyvscp4ey3fbqavgt3996qbpc7f,building_centroid
"54 TAFF AVENUE",STAMFORD,CT,41.038305,-73.550182,1,rooftop,"54 Taff Ave",,"Stamford, CT 06902",54,"Taff Ave",,,Stamford,CT,"Western Connecticut Planning Region",06902,US,"City of Stamford",gcod_usnavenlr6jj7fmb2jdlmclg3bmbh,building_centroid
"40 WILLOWBROOK AVENUE",STAMFORD,CT,41.047588,-73.514342,1,rooftop,"40 Willowbrook Ave",,"Stamford, CT 06902",40,"Willowbrook Ave",,,Stamford,CT,"Western Connecticut Planning Region",06902,US,"City of Stamford",gcod_usn8znjht2qgk3kezy64s39kjawl8,building_centroid
"15 ORCHARD STREET",STAMFORD,CT,41.042245,-73.54939,1,rooftop,"15 Orchard St",,"Stamford, CT 06902",15,"Orchard St",,,Stamford,CT,"Western Connecticut Planning Region",06902,US,"City of Stamford",gcod_usnkhytk49treb922mylrzxsxgqp4,building_centroid
"39 MANHATTAN STREET",STAMFORD,CT,41.047509,-73.538486,1,rooftop,"39 Manhattan St",,"Stamford, CT 06902",39,"Manhattan St",,,Stamford,CT,"Western Connecticut Planning Region",06902,US,"City of Stamford",gcod_usnv6x5ccl2rhgxcx6k7nal3h7eu4,building_centroid
"37 CAMORE STREET",STAMFORD,CT,41.079274,-73.544111,1,rooftop,"37 Camore St",,"Stamford, CT 06905",37,"Camore St",,,Stamford,CT,"Western Connecticut Planning Region",06905,US,"City of Stamford",gcod_usn6f5pnl6mc3rf8dnqgcn2hw85f8,building_centroid
"99 PROSPECT STREET",STAMFORD,CT,41.058872,-73.535271,1,rooftop,"99 Prospect St",,"Stamford, CT 06901",99,"Prospect St",,,Stamford,CT,"Western Connecticut Planning Region",06901,US,"City of Stamford",gcod_usnkqypk4mt5wepaqst2zqg2u4yw4,building_centroid
"99 PROSPECT STREET",STAMFORD,CT,41.058872,-73.535271,1,rooftop,"99 Prospect St",,"Stamford, CT 06901",99,"Prospect St",,,Stamford,CT,"Western Connecticut Planning Region",06901,US,"City of Stamford",gcod_usnkqypk4mt5wepaqst2zqg2u4yw4,building_centroid
"99 PROSPECT STREET",STAMFORD,CT,41.058872,-73.535271,1,rooftop,"99 Prospect St",,"Stamford, CT 06901",99,"Prospect St",,,Stamford,CT,"Western Connecticut Planning Region",06901,US,"City of Stamford",gcod_usnkqypk4mt5wepaqst2zqg2u4yw4,building_centroid
"99 PROSPECT STREET",STAMFORD,CT,41.058872,-73.535271,1,rooftop,"99 Prospect St",,"Stamford, CT 06901",99,"Prospect St",,,Stamford,CT,"Western Connecticut Planning Region",06901,US,"City of Stamford",gcod_usnkqypk4mt5wepaqst2zqg2u4yw4,building_centroid
"99 PROSPECT STREET",STAMFORD,CT,41.058872,-73.535271,1,rooftop,"99 Prospect St",,"Stamford, CT 06901",99,"Prospect St",,,Stamford,CT,"Western Connecticut Planning Region",06901,US,"City of Stamford",gcod_usnkqypk4mt5wepaqst2zqg2u4yw4,building_centroid
"99 PROSPECT STREET",STAMFORD,CT,41.058872,-73.535271,1,rooftop,"99 Prospect St",,"Stamford, CT 06901",99,"Prospect St",,,Stamford,CT,"Western Connecticut Planning Region",06901,US,"City of Stamford",gcod_usnkqypk4mt5wepaqst2zqg2u4yw4,building_centroid
"22 LESLIE STREET #5",STAMFORD,CT,41.05113,-73.556518,1,rooftop,"22 Leslie St","Apt 5","Stamford, CT 06902",22,"Leslie St",Apt,5,Stamford,CT,"Western Connecticut Planning Region",06902,US,"City of Stamford",gcod_usnup7blu32y77u3zjlphvmhxc2z9-cvv3qchl7bdpd,building_centroid
"18 PARKER AVENUE",STAMFORD,CT,41.06929,-73.521623,1,rooftop,"18 Parker Ave",,"Stamford, CT 06906",18,"Parker Ave",,,Stamford,CT,"Western Connecticut Planning Region",06906,US,"City of Stamford",gcod_usnsf6kx88fxceb7p59mgrn5dune2,building_centroid
"18 PARKER AVENUE",STAMFORD,CT,41.06929,-73.521623,1,rooftop,"18 Parker Ave",,"Stamford, CT 06906",18,"Parker Ave",,,Stamford,CT,"Western Connecticut Planning Region",06906,US,"City of Stamford",gcod_usnsf6kx88fxceb7p59mgrn5dune2,building_centroid
"27 BOUTON STREET",STAMFORD,CT,41.100055,-73.515594,1,rooftop,"27 Bouton St",,"Stamford, CT 06907",27,"Bouton St",,,Stamford,CT,"Western Connecticut Planning Region",06907,US,"City of Stamford",gcod_usnpw53ep226xk5f6zcf3zwby6qac,building_centroid
"22 GLENBROOK ROAD",STAMFORD,CT,41.056072,-73.529571,1,rooftop,"22 Glenbrook Rd",,"Stamford, CT 06902",22,"Glenbrook Rd",,,Stamford,CT,"Western Connecticut Planning Region",06902,US,"City of Stamford",gcod_usnqrk9rbqbd8lve75as6yem6zz38,building_centroid
"0 SUMMER STREET",STAMFORD,CT,41.069943,-73.549435,1,street_center,"Summer St",,"Stamford, CT 06905",,"Summer St",,,Stamford,CT,"Western Connecticut Planning Region",06905,US,"TIGER/Line® dataset from the US Census Bureau",gcod_ussfhzebygqbquk7,
"0 SUMMER STREET",STAMFORD,CT,41.069943,-73.549435,1,street_center,"Summer St",,"Stamford, CT 06905",,"Summer St",,,Stamford,CT,"Western Connecticut Planning Region",06905,US,"TIGER/Line® dataset from the US Census Bureau",gcod_ussfhzebygqbquk7,
"0 SUMMER STREET ",STAMFORD,CT,41.069943,-73.549435,1,street_center,"Summer St",,"Stamford, CT 06905",,"Summer St",,,Stamford,CT,"Western Connecticut Planning Region",06905,US,"TIGER/Line® dataset from the US Census Bureau",gcod_ussfhzebygqbquk7,
"0 SUMMER STREET",STAMFORD,CT,41.069943,-73.549435,1,street_center,"Summer St",,"Stamford, CT 06905",,"Summer St",,,Stamford,CT,"Western Connecticut Planning Region",06905,US,"TIGER/Line® dataset from the US Census Bureau",gcod_ussfhzebygqbquk7,
